STN,YYYYMMDD,TG,TN,TX,RH,DR,FG,Q,year,month,day
370,2018-01-01,6.5,4.5,8.8,6.9,8.7,6.0,219,2018,1,1
370,2018-01-02,6.5,4.0,9.1,5.1,8.3,5.3,174,2018,1,2
370,2018-01-03,8.9,6.7,11.8,14.1,7.2,10.2,97,2018,1,3
370,2018-01-04,8.4,5.8,11.7,1.0,1.6,6.9,86,2018,1,4
370,2018-01-05,7.2,3.4,9.4,3.1,2.5,4.9,223,2018,1,5
370,2018-01-06,4.0,0.3,5.8,0.5,1.3,2.8,119,2018,1,6
370,2018-01-07,2.2,1.0,4.0,0.0,0.0,7.2,380,2018,1,7
370,2018-01-08,2.7,1.4,4.7,0.0,0.0,5.3,134,2018,1,8
370,2018-01-09,4.1,1.7,6.5,-0.1,0.0,2.8,189,2018,1,9
370,2018-01-10,7.3,6.1,8.5,2.4,4.5,3.3,151,2018,1,10
370,2018-01-11,6.5,4.2,8.5,0.0,0.0,1.5,204,2018,1,11
370,2018-01-12,5.4,4.9,5.7,0.0,0.0,1.3,69,2018,1,12
370,2018-01-13,5.0,3.7,6.9,0.0,0.0,2.9,203,2018,1,13
370,2018-01-14,3.5,0.6,6.0,0.0,0.0,3.5,488,2018,1,14
370,2018-01-15,5.3,0.4,7.7,10.8,9.1,6.7,106,2018,1,15
370,2018-01-16,4.8,1.7,6.8,5.5,3.2,6.1,200,2018,1,16
370,2018-01-17,3.7,1.2,5.8,6.0,2.9,6.4,221,2018,1,17
370,2018-01-18,5.0,0.4,10.9,7.6,6.4,7.6,163,2018,1,18
370,2018-01-19,3.0,0.3,6.2,6.9,3.5,4.4,454,2018,1,19
370,2018-01-20,2.1,0.5,3.4,2.3,6.8,2.8,125,2018,1,20
370,2018-01-21,2.4,-1.5,5.9,2.4,3.0,3.2,441,2018,1,21
370,2018-01-22,6.7,1.7,9.0,1.1,2.7,3.6,250,2018,1,22
370,2018-01-23,8.8,6.3,11.7,-0.1,0.0,5.5,316,2018,1,23
370,2018-01-24,12.1,7.9,14.0,0.7,1.5,7.9,187,2018,1,24
370,2018-01-25,7.5,6.0,9.1,3.6,1.6,3.6,183,2018,1,25
370,2018-01-26,4.8,0.3,7.6,0.0,0.0,1.8,290,2018,1,26
370,2018-01-27,5.1,1.1,7.4,0.7,2.3,4.8,378,2018,1,27
370,2018-01-28,9.6,5.6,12.3,0.4,1.3,6.8,292,2018,1,28
370,2018-01-29,9.1,2.7,10.9,3.6,2.7,6.6,85,2018,1,29
370,2018-01-30,3.4,-0.5,7.5,0.0,0.0,2.6,501,2018,1,30
370,2018-01-31,6.7,1.4,9.8,23.4,12.8,6.7,78,2018,1,31
370,2018-02-01,2.6,0.8,6.2,2.4,2.6,5.1,279,2018,2,1
370,2018-02-02,3.8,0.7,5.8,3.4,6.2,3.8,345,2018,2,2
370,2018-02-03,2.0,-1.5,4.6,0.3,1.0,2.7,353,2018,2,3
370,2018-02-04,0.7,-0.5,2.4,0.4,0.7,4.4,253,2018,2,4
370,2018-02-05,0.6,-2.1,3.9,0.0,0.0,4.7,920,2018,2,5
370,2018-02-06,-1.7,-4.9,1.1,0.0,0.0,4.0,453,2018,2,6
370,2018-02-07,-2.9,-6.3,2.0,0.0,0.0,2.7,910,2018,2,7
370,2018-02-08,-2.1,-7.8,4.0,0.0,0.0,2.2,535,2018,2,8
370,2018-02-09,-0.2,-3.1,2.8,0.4,2.4,4.2,485,2018,2,9
370,2018-02-10,3.1,1.2,6.9,0.7,2.1,4.4,473,2018,2,10
370,2018-02-11,3.7,0.8,7.2,4.9,5.7,6.1,422,2018,2,11
370,2018-02-12,2.1,-0.9,6.6,0.0,0.0,4.2,870,2018,2,12
370,2018-02-13,1.7,-1.3,6.7,0.0,0.0,4.3,957,2018,2,13
370,2018-02-14,1.9,-3.1,6.4,0.0,0.0,4.4,952,2018,2,14
370,2018-02-15,4.0,-0.3,9.4,5.9,8.0,4.2,228,2018,2,15
370,2018-02-16,2.1,-2.6,8.5,0.0,0.0,2.6,978,2018,2,16
370,2018-02-17,1.1,-4.5,6.9,0.0,0.0,1.9,606,2018,2,17
370,2018-02-18,0.9,-4.2,7.4,0.0,0.0,2.0,999,2018,2,18
370,2018-02-19,1.5,-2.9,4.3,0.0,0.0,2.1,415,2018,2,19
370,2018-02-20,0.8,-4.1,4.9,0.0,0.0,2.6,539,2018,2,20
370,2018-02-21,-0.1,-5.4,5.1,0.0,0.0,3.9,1087,2018,2,21
370,2018-02-22,0.6,-2.6,5.2,0.0,0.0,5.2,1096,2018,2,22
370,2018-02-23,-0.3,-4.3,3.7,0.0,0.0,5.6,1172,2018,2,23
370,2018-02-24,-0.3,-3.6,4.0,0.0,0.0,7.0,1048,2018,2,24
370,2018-02-25,-2.0,-4.4,1.4,0.0,0.0,6.3,1196,2018,2,25
370,2018-02-26,-4.0,-7.0,0.3,-0.1,0.0,5.5,729,2018,2,26
370,2018-02-27,-4.3,-10.1,0.2,0.0,0.0,4.6,1170,2018,2,27
370,2018-02-28,-5.5,-7.3,-2.6,0.0,0.0,6.0,1127,2018,2,28
370,2018-03-01,-3.6,-7.2,0.6,0.0,0.0,8.0,745,2018,3,1
370,2018-03-02,-3.2,-6.4,0.2,1.6,4.8,6.5,399,2018,3,2
370,2018-03-03,-0.7,-3.1,1.6,1.1,2.3,3.6,708,2018,3,3
370,2018-03-04,5.5,0.3,11.4,1.9,2.5,3.9,840,2018,3,4
370,2018-03-05,7.7,2.6,12.0,0.0,0.0,3.3,1078,2018,3,5
370,2018-03-06,5.5,-1.3,11.0,0.0,0.0,2.3,658,2018,3,6
370,2018-03-07,5.3,0.5,9.3,2.6,4.7,3.1,438,2018,3,7
370,2018-03-08,4.6,1.4,8.2,5.3,4.3,5.2,419,2018,3,8
370,2018-03-09,6.5,1.2,10.7,3.8,4.6,3.3,812,2018,3,9
370,2018-03-10,11.5,7.0,15.9,2.1,2.5,3.6,612,2018,3,10
370,2018-03-11,11.5,6.5,16.1,1.9,1.7,3.3,722,2018,3,11
370,2018-03-12,10.4,7.4,14.5,1.6,3.0,4.2,808,2018,3,12
370,2018-03-13,6.0,4.5,8.9,7.9,11.4,4.7,186,2018,3,13
370,2018-03-14,6.8,0.2,12.2,-0.1,0.0,3.0,1394,2018,3,14
370,2018-03-15,7.5,4.9,11.0,6.6,7.5,4.4,555,2018,3,15
370,2018-03-16,5.0,0.5,7.5,2.0,3.7,3.8,200,2018,3,16
370,2018-03-17,-1.9,-2.9,0.5,4.5,6.7,8.4,502,2018,3,17
370,2018-03-18,-1.3,-2.5,0.4,-0.1,0.0,7.5,802,2018,3,18
370,2018-03-19,-0.5,-4.1,4.1,0.0,0.0,5.4,1602,2018,3,19
370,2018-03-20,3.2,-4.4,9.5,0.3,0.7,5.0,1647,2018,3,20
370,2018-03-21,2.9,-2.7,8.1,0.0,0.0,2.5,877,2018,3,21
370,2018-03-22,5.9,3.4,9.0,4.3,4.7,3.9,332,2018,3,22
370,2018-03-23,6.1,4.8,7.9,-0.1,0.0,4.3,508,2018,3,23
370,2018-03-24,7.0,1.1,13.2,-0.1,0.0,2.4,1347,2018,3,24
370,2018-03-25,6.5,-2.1,13.9,0.0,0.0,2.4,1406,2018,3,25
370,2018-03-26,4.9,-0.2,12.3,-0.1,0.0,2.2,1243,2018,3,26
370,2018-03-27,5.7,-0.4,10.3,3.0,7.3,3.2,617,2018,3,27
370,2018-03-28,6.3,3.6,8.7,8.6,7.1,3.8,331,2018,3,28
370,2018-03-29,7.2,2.8,11.6,-0.1,0.0,3.6,1399,2018,3,29
370,2018-03-30,9.0,4.7,14.7,5.2,4.3,3.8,1477,2018,3,30
370,2018-03-31,7.3,2.3,13.1,1.7,0.6,2.3,1260,2018,3,31
370,2018-04-01,5.0,-0.1,8.9,5.2,4.5,2.4,361,2018,4,1
370,2018-04-02,8.8,1.5,14.0,0.8,3.5,3.9,812,2018,4,2
370,2018-04-03,13.0,9.4,17.6,0.3,0.8,5.8,1387,2018,4,3
370,2018-04-04,10.3,7.1,14.5,3.4,2.4,3.8,686,2018,4,4
370,2018-04-05,6.4,0.5,10.1,4.6,3.8,4.8,1020,2018,4,5
370,2018-04-06,9.8,0.6,16.0,0.0,0.0,4.5,1975,2018,4,6
370,2018-04-07,14.9,8.4,23.3,0.0,0.0,3.2,1874,2018,4,7
370,2018-04-08,16.1,6.4,24.9,0.0,0.0,1.7,1654,2018,4,8
370,2018-04-09,14.4,10.2,18.4,-0.1,0.0,3.9,948,2018,4,9
370,2018-04-10,14.7,11.3,19.7,21.0,3.3,2.9,1028,2018,4,10
370,2018-04-11,11.3,7.4,13.2,0.1,0.3,1.4,324,2018,4,11
370,2018-04-12,10.8,4.0,15.7,-0.1,0.0,3.1,756,2018,4,12
370,2018-04-13,10.3,3.5,15.7,0.0,0.0,1.9,967,2018,4,13
370,2018-04-14,12.6,5.6,17.8,6.0,2.7,1.9,1547,2018,4,14
370,2018-04-15,14.4,10.8,18.7,0.5,1.5,2.8,1298,2018,4,15
370,2018-04-16,11.9,5.0,16.6,-0.1,0.0,2.3,1402,2018,4,16
370,2018-04-17,13.7,3.9,22.2,0.0,0.0,2.7,2178,2018,4,17
370,2018-04-18,18.0,6.2,25.6,0.0,0.0,2.1,2239,2018,4,18
370,2018-04-19,21.4,14.2,29.1,0.0,0.0,2.9,2274,2018,4,19
370,2018-04-20,19.9,11.3,28.3,0.0,0.0,2.5,2167,2018,4,20
370,2018-04-21,16.3,8.3,23.6,0.0,0.0,2.4,2185,2018,4,21
370,2018-04-22,19.2,12.0,27.8,1.5,0.4,3.1,1951,2018,4,22
370,2018-04-23,13.5,8.5,17.7,0.0,0.0,4.1,1966,2018,4,23
370,2018-04-24,12.6,8.2,16.3,-0.1,0.0,5.0,1016,2018,4,24
370,2018-04-25,12.3,8.9,15.2,1.5,0.7,5.6,1100,2018,4,25
370,2018-04-26,10.3,4.4,15.6,0.3,0.3,4.8,1680,2018,4,26
370,2018-04-27,11.9,3.1,18.1,-0.1,0.0,2.3,1540,2018,4,27
370,2018-04-28,12.8,6.7,17.3,-0.1,0.0,3.7,944,2018,4,28
370,2018-04-29,10.5,3.6,15.4,26.4,7.8,3.7,636,2018,4,29
370,2018-04-30,9.6,5.3,14.8,14.7,12.1,5.5,803,2018,4,30
370,2018-05-01,9.3,5.2,14.2,5.7,4.7,6.0,2187,2018,5,1
370,2018-05-02,12.2,3.9,18.0,-0.1,0.0,5.0,2417,2018,5,2
370,2018-05-03,10.9,4.0,16.4,0.0,0.0,2.5,2449,2018,5,3
370,2018-05-04,12.1,2.3,19.3,0.0,0.0,3.0,2591,2018,5,4
370,2018-05-05,15.9,7.6,22.8,0.0,0.0,4.4,2675,2018,5,5
370,2018-05-06,19.0,7.9,26.8,0.0,0.0,3.1,2700,2018,5,6
370,2018-05-07,19.5,12.8,26.2,0.0,0.0,2.4,2668,2018,5,7
370,2018-05-08,20.7,12.5,28.2,0.0,0.0,1.8,2649,2018,5,8
370,2018-05-09,18.9,9.2,26.8,0.2,0.5,2.5,2423,2018,5,9
370,2018-05-10,12.2,5.1,17.6,4.4,4.0,3.7,1426,2018,5,10
370,2018-05-11,13.3,2.3,19.9,0.0,0.0,1.9,2137,2018,5,11
370,2018-05-12,18.1,8.7,24.3,0.0,0.0,2.5,2093,2018,5,12
370,2018-05-13,13.2,11.2,15.3,4.6,6.7,3.3,593,2018,5,13
370,2018-05-14,17.6,11.0,25.7,0.0,0.0,3.5,1929,2018,5,14
370,2018-05-15,19.2,11.6,24.9,0.0,0.0,3.4,2577,2018,5,15
370,2018-05-16,15.9,9.8,21.2,0.1,0.7,5.1,1711,2018,5,16
370,2018-05-17,12.1,6.8,18.3,0.0,0.0,4.3,2634,2018,5,17
370,2018-05-18,10.7,4.3,17.2,0.0,0.0,3.1,2260,2018,5,18
370,2018-05-19,10.7,3.7,16.2,0.0,0.0,2.0,1358,2018,5,19
370,2018-05-20,15.9,3.8,24.8,0.0,0.0,2.4,2589,2018,5,20
370,2018-05-21,19.5,10.8,26.5,-0.1,0.0,3.2,2307,2018,5,21
370,2018-05-22,17.1,10.3,26.0,17.4,5.9,2.7,1800,2018,5,22
370,2018-05-23,18.7,14.7,24.5,0.3,0.6,3.7,1531,2018,5,23
370,2018-05-24,18.4,14.6,24.1,1.6,1.3,3.8,1701,2018,5,24
370,2018-05-25,20.7,13.3,26.8,0.0,0.0,1.5,2175,2018,5,25
370,2018-05-26,23.3,14.6,29.0,0.0,0.0,2.9,2662,2018,5,26
370,2018-05-27,21.2,17.4,27.7,15.4,1.7,2.8,1215,2018,5,27
370,2018-05-28,23.1,14.7,29.1,0.0,0.0,2.5,2534,2018,5,28
370,2018-05-29,22.4,17.3,29.6,-0.1,0.0,2.7,1815,2018,5,29
370,2018-05-30,21.0,14.9,26.9,8.4,0.3,1.8,1966,2018,5,30
370,2018-05-31,20.1,15.1,25.8,6.4,1.2,1.7,1633,2018,5,31
370,2018-06-01,17.0,15.1,20.7,4.7,4.9,2.5,432,2018,6,1
370,2018-06-02,17.4,14.2,21.3,0.0,0.0,2.8,1223,2018,6,2
370,2018-06-03,19.9,13.0,25.1,0.0,0.0,1.5,2459,2018,6,3
370,2018-06-04,19.5,14.8,24.2,0.0,0.0,3.6,2483,2018,6,4
370,2018-06-05,16.8,13.1,20.9,0.0,0.0,3.0,1198,2018,6,5
370,2018-06-06,20.8,11.8,28.7,0.0,0.0,2.6,2896,2018,6,6
370,2018-06-07,21.5,15.4,28.3,1.7,1.1,2.1,2240,2018,6,7
370,2018-06-08,19.4,16.9,23.0,1.5,3.7,2.3,1408,2018,6,8
370,2018-06-09,21.2,16.4,26.3,0.0,0.0,2.7,2527,2018,6,9
370,2018-06-10,20.1,15.9,25.8,0.0,0.0,3.6,2669,2018,6,10
370,2018-06-11,18.8,13.2,24.0,0.0,0.0,4.8,2413,2018,6,11
370,2018-06-12,14.9,10.8,19.5,-0.1,0.0,4.0,1274,2018,6,12
370,2018-06-13,14.5,9.6,19.0,0.3,0.5,2.4,1386,2018,6,13
370,2018-06-14,15.4,8.4,20.9,0.5,1.7,3.6,1417,2018,6,14
370,2018-06-15,18.3,10.2,24.7,0.0,0.0,1.5,2445,2018,6,15
370,2018-06-16,17.6,12.5,24.8,-0.1,0.0,3.3,1893,2018,6,16
370,2018-06-17,15.9,12.0,19.5,-0.1,0.0,4.0,1261,2018,6,17
370,2018-06-18,17.2,12.9,21.2,-0.1,0.0,4.3,995,2018,6,18
370,2018-06-19,18.0,12.8,21.3,-0.1,0.0,3.1,871,2018,6,19
370,2018-06-20,20.1,12.3,27.9,0.0,0.0,2.8,2395,2018,6,20
370,2018-06-21,14.6,8.0,18.4,-0.1,0.0,5.3,2093,2018,6,21
370,2018-06-22,12.5,7.9,16.5,-0.1,0.0,4.9,1524,2018,6,22
370,2018-06-23,14.7,7.2,21.3,-0.1,0.0,2.3,1439,2018,6,23
370,2018-06-24,15.3,8.2,20.4,-0.1,0.0,3.0,1720,2018,6,24
370,2018-06-25,17.6,12.2,23.4,0.0,0.0,3.2,2128,2018,6,25
370,2018-06-26,17.0,8.9,24.6,0.0,0.0,3.1,2899,2018,6,26
370,2018-06-27,19.9,11.0,27.7,0.0,0.0,3.6,2791,2018,6,27
370,2018-06-28,22.5,15.6,28.7,0.0,0.0,3.9,2740,2018,6,28
370,2018-06-29,21.5,14.1,29.0,0.0,0.0,4.1,2990,2018,6,29
370,2018-06-30,22.4,13.0,29.8,0.0,0.0,3.9,2938,2018,6,30
370,2018-07-01,22.6,17.4,28.0,0.0,0.0,5.3,3097,2018,7,1
370,2018-07-02,21.9,12.6,28.3,0.0,0.0,4.6,3091,2018,7,2
370,2018-07-03,22.5,13.7,30.2,0.0,0.0,3.5,2903,2018,7,3
370,2018-07-04,22.3,15.5,28.8,0.0,0.0,2.9,2412,2018,7,4
370,2018-07-05,20.8,14.3,27.2,0.1,0.4,3.2,2659,2018,7,5
370,2018-07-06,20.8,14.4,26.9,0.0,0.0,2.6,2276,2018,7,6
370,2018-07-07,20.7,11.9,27.5,0.0,0.0,3.0,2740,2018,7,7
370,2018-07-08,19.6,11.7,26.9,0.0,0.0,3.6,2825,2018,7,8
370,2018-07-09,18.9,11.7,24.9,0.0,0.0,3.3,1866,2018,7,9
370,2018-07-10,16.3,11.6,20.7,-0.1,0.0,4.5,1037,2018,7,10
370,2018-07-11,18.0,9.2,24.2,0.0,0.0,3.7,2092,2018,7,11
370,2018-07-12,20.0,14.0,27.2,0.0,0.0,3.8,2364,2018,7,12
370,2018-07-13,19.6,10.4,27.2,0.0,0.0,2.4,2493,2018,7,13
370,2018-07-14,20.4,12.0,26.9,0.0,0.0,2.7,2893,2018,7,14
370,2018-07-15,23.0,14.5,29.4,0.0,0.0,2.5,2838,2018,7,15
370,2018-07-16,24.0,13.7,30.6,-0.1,0.0,2.3,2719,2018,7,16
370,2018-07-17,20.8,11.5,28.1,-0.1,0.0,3.6,2518,2018,7,17
370,2018-07-18,19.8,10.1,26.2,0.0,0.0,2.1,2037,2018,7,18
370,2018-07-19,20.9,13.2,28.1,0.0,0.0,2.4,2255,2018,7,19
370,2018-07-20,20.5,11.1,27.5,0.3,0.6,2.6,2401,2018,7,20
370,2018-07-21,22.0,14.8,29.2,0.0,0.0,2.8,2555,2018,7,21
370,2018-07-22,21.1,12.0,29.3,0.0,0.0,2.5,2413,2018,7,22
370,2018-07-23,24.2,16.2,30.4,0.0,0.0,1.5,2170,2018,7,23
370,2018-07-24,25.8,16.9,32.8,0.0,0.0,2.0,1808,2018,7,24
370,2018-07-25,26.0,18.7,32.7,0.8,0.4,3.3,2086,2018,7,25
370,2018-07-26,27.3,19.4,36.4,-0.1,0.0,2.4,2108,2018,7,26
370,2018-07-27,30.6,23.6,36.7,-0.1,0.0,3.3,2628,2018,7,27
370,2018-07-28,21.5,12.8,28.0,2.0,1.1,4.0,1759,2018,7,28
370,2018-07-29,22.9,13.4,29.2,-0.1,0.0,4.2,1680,2018,7,29
370,2018-07-30,25.2,18.3,32.9,-0.1,0.0,4.1,2302,2018,7,30
370,2018-07-31,22.8,16.5,30.2,0.0,0.0,3.5,2197,2018,7,31
370,2018-08-01,22.4,12.8,29.5,0.0,0.0,1.9,2205,2018,8,1
370,2018-08-02,24.3,15.4,32.1,0.0,0.0,2.3,2461,2018,8,2
370,2018-08-03,25.7,15.3,33.8,0.0,0.0,2.4,2501,2018,8,3
370,2018-08-04,23.9,16.7,31.8,0.0,0.0,3.8,2259,2018,8,4
370,2018-08-05,21.6,15.2,28.0,0.0,0.0,3.1,2628,2018,8,5
370,2018-08-06,24.9,15.6,33.9,0.0,0.0,2.1,2541,2018,8,6
370,2018-08-07,27.1,14.1,36.6,4.1,0.9,2.1,2405,2018,8,7
370,2018-08-08,20.1,12.3,25.3,2.0,0.7,4.9,1611,2018,8,8
370,2018-08-09,17.7,12.1,23.5,10.1,4.1,4.3,818,2018,8,9
370,2018-08-10,17.5,12.1,23.3,3.8,1.7,6.0,1965,2018,8,10
370,2018-08-11,16.6,11.4,22.7,-0.1,0.0,3.6,2242,2018,8,11
370,2018-08-12,21.4,12.8,29.0,-0.1,0.0,3.0,2060,2018,8,12
370,2018-08-13,18.0,15.6,21.7,14.5,4.5,3.1,916,2018,8,13
370,2018-08-14,19.2,15.8,24.9,1.6,0.6,3.7,1609,2018,8,14
370,2018-08-15,18.7,15.0,23.3,0.0,0.0,3.8,928,2018,8,15
370,2018-08-16,19.9,14.0,26.4,0.0,0.0,3.1,1601,2018,8,16
370,2018-08-17,18.0,11.3,24.2,11.7,4.2,2.2,2048,2018,8,17
370,2018-08-18,17.9,10.4,22.5,0.0,0.0,3.1,1381,2018,8,18
370,2018-08-19,19.8,13.8,25.8,0.0,0.0,4.0,1774,2018,8,19
370,2018-08-20,20.5,17.9,23.5,0.0,0.0,2.3,758,2018,8,20
370,2018-08-21,21.6,15.7,28.4,0.0,0.0,1.4,1913,2018,8,21
370,2018-08-22,20.2,14.3,27.0,0.0,0.0,1.8,1760,2018,8,22
370,2018-08-23,18.5,12.7,24.1,2.1,0.3,3.3,1149,2018,8,23
370,2018-08-24,16.4,12.5,21.4,0.3,0.2,4.2,1667,2018,8,24
370,2018-08-25,12.6,7.5,18.8,4.8,3.4,4.5,1639,2018,8,25
370,2018-08-26,14.5,5.3,20.7,1.0,1.3,4.0,1580,2018,8,26
370,2018-08-27,17.0,13.4,20.8,0.6,1.9,5.1,1003,2018,8,27
370,2018-08-28,16.4,10.8,22.4,0.0,0.0,1.8,1528,2018,8,28
370,2018-08-29,15.9,9.2,22.1,12.4,4.2,2.3,780,2018,8,29
370,2018-08-30,15.4,9.3,20.6,0.0,0.0,2.8,1718,2018,8,30
370,2018-08-31,13.4,7.8,20.1,0.0,0.0,1.8,1587,2018,8,31
370,2018-09-01,13.9,5.5,21.6,0.0,0.0,1.6,1877,2018,9,1
370,2018-09-02,16.5,6.9,24.1,0.0,0.0,3.0,2010,2018,9,2
370,2018-09-03,18.4,15.7,21.9,0.4,0.7,2.2,625,2018,9,3
370,2018-09-04,20.6,15.5,26.0,-0.1,0.0,1.8,1354,2018,9,4
370,2018-09-05,20.1,15.2,25.5,7.3,2.3,2.3,1206,2018,9,5
370,2018-09-06,17.0,11.1,21.2,2.8,0.6,2.4,1014,2018,9,6
370,2018-09-07,14.3,9.9,18.6,1.3,1.1,4.2,1523,2018,9,7
370,2018-09-08,14.6,9.1,20.2,-0.1,0.0,3.6,1159,2018,9,8
370,2018-09-09,17.9,13.1,24.6,-0.1,0.0,3.0,1440,2018,9,9
370,2018-09-10,17.3,13.4,22.1,0.0,0.0,3.0,972,2018,9,10
370,2018-09-11,19.7,13.6,26.4,0.0,0.0,5.6,1728,2018,9,11
370,2018-09-12,15.9,13.1,19.9,2.0,2.6,3.5,435,2018,9,12
370,2018-09-13,14.3,7.0,19.9,0.1,0.6,2.2,1516,2018,9,13
370,2018-09-14,13.1,4.6,20.7,0.0,0.0,2.4,1507,2018,9,14
370,2018-09-15,14.6,9.8,21.0,0.0,0.0,3.0,1321,2018,9,15
370,2018-09-16,15.3,8.4,23.5,0.0,0.0,2.0,1418,2018,9,16
370,2018-09-17,16.8,7.8,26.1,0.0,0.0,2.0,1652,2018,9,17
370,2018-09-18,20.0,12.8,28.5,0.0,0.0,4.7,1650,2018,9,18
370,2018-09-19,19.4,12.0,26.2,0.0,0.0,4.5,1489,2018,9,19
370,2018-09-20,20.1,13.6,25.4,0.0,0.0,4.6,1455,2018,9,20
370,2018-09-21,15.7,10.5,19.9,1.9,2.6,7.2,1008,2018,9,21
370,2018-09-22,12.2,10.0,16.8,2.8,7.5,4.4,727,2018,9,22
370,2018-09-23,10.3,6.7,12.1,13.2,7.4,3.2,268,2018,9,23
370,2018-09-24,9.3,3.7,15.8,0.5,0.4,3.2,1354,2018,9,24
370,2018-09-25,9.1,0.6,16.9,0.0,0.0,1.1,1540,2018,9,25
370,2018-09-26,11.2,3.8,19.8,0.0,0.0,2.5,1490,2018,9,26
370,2018-09-27,13.2,4.9,22.9,0.0,0.0,2.0,1535,2018,9,27
370,2018-09-28,11.3,4.7,16.7,0.0,0.0,3.8,935,2018,9,28
370,2018-09-29,7.8,0.2,16.1,0.0,0.0,1.3,1381,2018,9,29
370,2018-09-30,9.7,-0.9,17.6,0.3,0.4,1.7,1167,2018,9,30
370,2018-10-01,9.6,4.6,14.0,1.8,2.3,3.6,1068,2018,10,1
370,2018-10-02,11.1,6.7,17.4,0.4,1.6,4.6,607,2018,10,2
370,2018-10-03,11.9,6.4,17.2,0.0,0.0,2.7,1110,2018,10,3
370,2018-10-04,13.8,8.1,19.7,0.0,0.0,2.8,809,2018,10,4
370,2018-10-05,13.6,7.0,23.1,0.0,0.0,1.7,1326,2018,10,5
370,2018-10-06,15.8,8.6,24.0,-0.1,0.0,2.6,1219,2018,10,6
370,2018-10-07,10.8,2.8,15.7,0.0,0.0,4.3,1208,2018,10,7
370,2018-10-08,9.0,1.0,17.8,0.0,0.0,1.4,1129,2018,10,8
370,2018-10-09,11.3,3.2,20.4,0.0,0.0,1.1,1213,2018,10,9
370,2018-10-10,15.9,6.1,24.1,0.0,0.0,2.5,1196,2018,10,10
370,2018-10-11,17.8,12.0,24.5,-0.1,0.0,3.2,894,2018,10,11
370,2018-10-12,19.1,14.0,24.7,0.3,0.3,4.1,1009,2018,10,12
370,2018-10-13,20.7,15.7,26.9,0.0,0.0,3.6,1064,2018,10,13
370,2018-10-14,19.0,14.0,25.9,0.0,0.0,3.4,1043,2018,10,14
370,2018-10-15,17.1,9.3,24.9,0.0,0.0,2.5,820,2018,10,15
370,2018-10-16,16.8,8.5,25.7,0.0,0.0,1.9,975,2018,10,16
370,2018-10-17,14.3,9.1,20.6,0.0,0.0,1.7,929,2018,10,17
370,2018-10-18,13.3,8.4,15.8,-0.1,0.0,3.5,325,2018,10,18
370,2018-10-19,11.1,5.2,16.9,0.0,0.0,2.5,865,2018,10,19
370,2018-10-20,7.8,1.3,15.7,0.0,0.0,0.8,852,2018,10,20
370,2018-10-21,10.1,2.4,17.2,0.0,0.0,1.0,774,2018,10,21
370,2018-10-22,10.5,0.9,16.5,0.1,0.6,3.4,745,2018,10,22
370,2018-10-23,11.5,2.3,15.5,0.0,0.0,5.4,556,2018,10,23
370,2018-10-24,14.1,12.6,16.0,1.7,3.7,4.0,353,2018,10,24
370,2018-10-25,12.1,10.1,13.5,-0.1,0.0,3.4,247,2018,10,25
370,2018-10-26,8.9,4.6,11.9,2.2,3.0,4.7,270,2018,10,26
370,2018-10-27,6.1,2.4,11.8,1.1,1.0,3.0,843,2018,10,27
370,2018-10-28,4.1,1.3,7.1,0.0,0.0,5.7,663,2018,10,28
370,2018-10-29,4.7,3.0,6.5,0.3,0.5,5.7,185,2018,10,29
370,2018-10-30,5.8,3.1,9.0,28.8,12.5,6.5,304,2018,10,30
370,2018-10-31,8.2,3.8,11.7,0.0,0.0,3.5,690,2018,10,31
370,2018-11-01,10.3,7.6,13.8,2.8,3.9,3.4,267,2018,11,1
370,2018-11-02,7.3,1.2,11.5,2.6,1.3,3.6,674,2018,11,2
370,2018-11-03,4.0,-1.3,10.0,0.0,0.0,1.7,623,2018,11,3
370,2018-11-04,6.7,-0.7,13.3,0.0,0.0,2.2,764,2018,11,4
370,2018-11-05,9.1,5.2,13.3,0.0,0.0,2.3,555,2018,11,5
370,2018-11-06,12.2,6.2,19.3,0.0,0.0,2.6,641,2018,11,6
370,2018-11-07,11.4,8.7,14.3,1.7,2.5,4.2,260,2018,11,7
370,2018-11-08,9.5,3.9,13.5,0.0,0.0,3.0,704,2018,11,8
370,2018-11-09,9.5,5.7,12.9,0.0,0.0,2.5,376,2018,11,9
370,2018-11-10,11.9,9.3,13.3,4.0,5.5,4.8,148,2018,11,10
370,2018-11-11,11.6,9.8,13.7,5.5,4.6,4.8,189,2018,11,11
370,2018-11-12,10.1,8.7,11.4,6.6,8.4,2.2,137,2018,11,12
370,2018-11-13,9.8,6.7,13.3,2.9,0.7,4.8,498,2018,11,13
370,2018-11-14,7.9,4.5,13.1,0.0,0.0,2.4,551,2018,11,14
370,2018-11-15,6.7,2.1,13.2,0.0,0.0,2.7,593,2018,11,15
370,2018-11-16,5.0,-1.1,10.0,0.0,0.0,2.3,589,2018,11,16
370,2018-11-17,5.5,2.5,9.3,0.0,0.0,4.0,586,2018,11,17
370,2018-11-18,2.6,-0.1,6.6,0.0,0.0,4.5,506,2018,11,18
370,2018-11-19,4.5,1.3,6.8,0.2,0.3,6.7,204,2018,11,19
370,2018-11-20,3.6,2.3,5.0,0.0,0.0,5.9,141,2018,11,20
370,2018-11-21,3.8,2.3,5.9,0.5,1.5,3.0,291,2018,11,21
370,2018-11-22,2.4,-1.7,5.3,0.0,0.0,1.8,235,2018,11,22
370,2018-11-23,3.9,-2.4,8.7,0.0,0.0,2.3,462,2018,11,23
370,2018-11-24,2.4,1.0,4.0,-0.1,0.0,2.5,122,2018,11,24
370,2018-11-25,3.3,2.1,4.2,-0.1,0.0,3.5,70,2018,11,25
370,2018-11-26,4.9,3.4,6.4,1.7,5.5,3.5,147,2018,11,26
370,2018-11-27,3.2,1.9,4.4,0.0,0.0,2.1,135,2018,11,27
370,2018-11-28,6.5,2.4,10.5,2.3,4.3,4.7,119,2018,11,28
370,2018-11-29,10.4,9.6,11.4,3.3,6.1,4.7,115,2018,11,29
370,2018-11-30,9.4,6.0,11.9,-0.1,0.0,4.5,231,2018,11,30
370,2018-12-01,7.8,5.3,10.1,1.2,3.3,5.0,228,2018,12,1
370,2018-12-02,12.3,9.6,14.0,11.3,9.6,5.9,71,2018,12,2
370,2018-12-03,11.9,8.1,13.4,18.6,3.5,5.7,196,2018,12,3
370,2018-12-04,5.2,0.1,9.3,0.3,0.4,1.7,370,2018,12,4
370,2018-12-05,5.8,0.2,9.3,0.6,1.4,3.2,148,2018,12,5
370,2018-12-06,11.5,8.9,12.7,1.7,3.9,5.7,110,2018,12,6
370,2018-12-07,9.8,5.8,12.1,10.3,9.6,7.5,74,2018,12,7
370,2018-12-08,8.9,5.5,11.0,6.9,5.5,9.0,120,2018,12,8
370,2018-12-09,7.9,4.9,10.3,11.3,4.8,6.5,172,2018,12,9
370,2018-12-10,4.2,0.1,7.0,4.3,3.5,3.3,196,2018,12,10
370,2018-12-11,3.4,-1.2,7.6,0.4,0.7,2.0,273,2018,12,11
370,2018-12-12,1.2,-3.5,4.7,0.0,0.0,2.0,201,2018,12,12
370,2018-12-13,1.1,-2.5,3.2,0.0,0.0,4.0,382,2018,12,13
370,2018-12-14,0.5,-1.9,1.6,0.0,0.0,2.8,125,2018,12,14
370,2018-12-15,0.3,-1.1,1.0,2.2,1.2,3.7,102,2018,12,15
370,2018-12-16,1.6,-0.9,3.3,1.6,2.8,3.2,102,2018,12,16
370,2018-12-17,5.9,3.3,8.6,1.7,3.4,4.0,140,2018,12,17
370,2018-12-18,6.8,5.6,9.3,0.0,0.0,4.4,302,2018,12,18
370,2018-12-19,7.5,5.4,10.0,0.4,1.2,3.9,141,2018,12,19
370,2018-12-20,7.8,6.0,8.7,1.0,2.4,5.2,88,2018,12,20
370,2018-12-21,10.6,7.8,13.2,14.2,8.0,8.0,78,2018,12,21
370,2018-12-22,9.5,6.9,11.6,3.9,3.0,6.0,202,2018,12,22
370,2018-12-23,7.8,6.0,10.3,8.8,13.7,3.8,74,2018,12,23
370,2018-12-24,4.9,-0.2,7.9,-0.1,0.0,1.8,363,2018,12,24
370,2018-12-25,2.3,-2.8,6.2,0.0,0.0,3.0,302,2018,12,25
370,2018-12-26,0.7,-3.0,5.2,0.0,0.0,2.1,222,2018,12,26
370,2018-12-27,1.0,-2.3,5.5,0.0,0.0,1.2,233,2018,12,27
370,2018-12-28,0.2,-4.0,2.9,0.0,0.0,2.4,186,2018,12,28
370,2018-12-29,6.2,2.9,9.8,0.3,0.8,5.2,93,2018,12,29
370,2018-12-30,8.0,5.1,9.1,1.1,4.7,3.3,156,2018,12,30
370,2018-12-31,8.9,7.3,9.9,0.5,2.4,2.7,115,2018,12,31
370,2019-01-01,7.0,4.2,8.7,1.2,3.2,4.7,99,2019,1,1
370,2019-01-02,4.6,3.1,6.3,-0.1,0.0,3.4,206,2019,1,2
370,2019-01-03,4.1,1.8,6.1,0.0,0.0,2.0,212,2019,1,3
370,2019-01-04,3.7,2.4,5.2,0.3,0.5,3.0,53,2019,1,4
370,2019-01-05,6.2,5.2,7.4,0.6,1.8,3.9,52,2019,1,5
370,2019-01-06,5.3,4.2,7.3,-0.1,0.0,2.5,214,2019,1,6
370,2019-01-07,6.2,0.9,9.8,3.7,4.0,4.3,80,2019,1,7
370,2019-01-08,6.7,4.6,9.2,1.2,1.4,6.7,182,2019,1,8
370,2019-01-09,4.1,0.6,7.4,0.1,0.1,4.9,365,2019,1,9
370,2019-01-10,1.6,-1.6,4.5,0.8,3.5,2.1,150,2019,1,10
370,2019-01-11,5.7,2.1,8.2,2.8,6.0,3.4,157,2019,1,11
370,2019-01-12,6.9,5.6,8.0,4.4,6.5,5.3,69,2019,1,12
370,2019-01-13,8.5,6.4,9.9,12.2,12.2,6.2,59,2019,1,13
370,2019-01-14,4.8,0.5,7.8,2.8,1.9,4.1,347,2019,1,14
370,2019-01-15,5.5,0.4,7.3,-0.1,0.0,5.4,216,2019,1,15
370,2019-01-16,6.0,5.0,7.0,1.5,2.0,7.2,167,2019,1,16
370,2019-01-17,2.9,-0.6,5.4,6.9,5.1,4.0,177,2019,1,17
370,2019-01-18,-1.5,-4.7,2.3,0.0,0.0,1.9,364,2019,1,18
370,2019-01-19,-0.5,-2.7,3.1,0.0,0.0,2.7,575,2019,1,19
370,2019-01-20,-2.0,-6.8,2.6,0.0,0.0,2.0,550,2019,1,20
370,2019-01-21,-3.6,-9.5,3.3,0.0,0.0,1.6,665,2019,1,21
370,2019-01-22,-2.0,-4.9,-0.5,3.3,6.7,4.0,174,2019,1,22
370,2019-01-23,-1.8,-3.7,-0.2,0.0,0.0,3.2,484,2019,1,23
370,2019-01-24,-2.0,-3.1,-0.9,0.0,0.0,1.8,226,2019,1,24
370,2019-01-25,0.8,-1.4,5.3,1.2,3.0,3.7,179,2019,1,25
370,2019-01-26,6.9,5.2,8.0,1.7,1.8,6.0,161,2019,1,26
370,2019-01-27,5.5,2.9,7.3,8.4,11.5,6.1,138,2019,1,27
370,2019-01-28,3.2,0.3,6.6,10.4,10.3,5.9,356,2019,1,28
370,2019-01-29,1.5,-1.0,4.5,-0.1,0.0,3.7,552,2019,1,29
370,2019-01-30,0.5,-1.6,2.1,2.0,4.0,2.7,252,2019,1,30
370,2019-01-31,-1.8,-4.5,-0.4,-0.1,0.0,3.0,207,2019,1,31
370,2019-02-01,1.9,-0.8,4.3,3.2,4.3,2.2,221,2019,2,1
370,2019-02-02,1.7,-0.1,2.7,6.6,11.0,3.0,167,2019,2,2
370,2019-02-03,1.9,-1.9,6.6,-0.1,0.0,2.5,622,2019,2,3
370,2019-02-04,1.9,-1.8,4.3,0.7,2.2,6.0,253,2019,2,4
370,2019-02-05,3.4,1.7,5.6,0.1,0.1,3.3,198,2019,2,5
370,2019-02-06,5.4,1.4,7.8,4.2,5.5,4.3,175,2019,2,6
370,2019-02-07,8.1,5.4,10.3,2.0,3.4,7.5,506,2019,2,7
370,2019-02-08,8.1,5.3,9.8,3.6,4.4,7.4,162,2019,2,8
370,2019-02-09,8.3,6.6,10.5,0.2,0.6,8.8,479,2019,2,9
370,2019-02-10,6.9,3.9,9.9,22.7,17.3,6.5,171,2019,2,10
370,2019-02-11,4.1,-1.5,8.5,0.4,0.5,3.7,557,2019,2,11
370,2019-02-12,3.1,-1.9,8.7,0.0,0.0,3.5,566,2019,2,12
370,2019-02-13,4.2,0.3,8.7,0.0,0.0,3.4,594,2019,2,13
370,2019-02-14,5.6,-2.2,14.3,0.0,0.0,1.8,898,2019,2,14
370,2019-02-15,7.0,-0.1,16.7,0.0,0.0,2.0,951,2019,2,15
370,2019-02-16,6.4,-0.4,15.2,0.0,0.0,2.6,912,2019,2,16
370,2019-02-17,8.2,0.9,17.2,0.0,0.0,2.7,920,2019,2,17
370,2019-02-18,8.2,1.8,16.6,0.0,0.0,2.6,942,2019,2,18
370,2019-02-19,7.0,2.3,11.4,-0.1,0.0,4.1,654,2019,2,19
370,2019-02-20,6.7,2.9,11.8,0.0,0.0,3.3,767,2019,2,20
370,2019-02-21,8.6,3.0,13.6,-0.1,0.0,2.9,510,2019,2,21
370,2019-02-22,9.0,5.6,11.7,0.0,0.0,1.9,331,2019,2,22
370,2019-02-23,7.9,4.4,12.6,0.0,0.0,3.0,1071,2019,2,23
370,2019-02-24,7.9,-1.3,16.6,0.0,0.0,1.9,1096,2019,2,24
370,2019-02-25,8.7,0.9,18.6,0.0,0.0,1.9,1130,2019,2,25
370,2019-02-26,9.0,-0.4,19.7,0.0,0.0,1.3,1138,2019,2,26
370,2019-02-27,9.3,0.5,19.9,0.0,0.0,2.0,1175,2019,2,27
370,2019-02-28,8.2,1.6,13.3,2.2,2.1,4.4,586,2019,2,28
370,2019-03-01,6.7,5.0,9.0,4.3,3.0,3.2,187,2019,3,1
370,2019-03-02,8.3,4.9,11.1,0.7,1.9,4.3,400,2019,3,2
370,2019-03-03,11.0,8.8,13.0,6.0,10.2,7.5,196,2019,3,3
370,2019-03-04,8.7,5.6,13.1,4.3,2.4,8.8,754,2019,3,4
370,2019-03-05,7.1,4.3,11.2,1.3,1.5,6.1,754,2019,3,5
370,2019-03-06,10.8,7.5,13.4,0.3,1.0,5.5,428,2019,3,6
370,2019-03-07,9.0,6.5,12.0,11.4,7.3,9.0,753,2019,3,7
370,2019-03-08,7.7,5.9,11.1,2.7,4.8,5.1,771,2019,3,8
370,2019-03-09,9.2,7.0,12.1,4.0,4.4,7.3,513,2019,3,9
370,2019-03-10,6.5,2.1,11.9,12.0,8.7,6.7,406,2019,3,10
370,2019-03-11,4.4,0.8,8.5,2.3,2.4,6.1,784,2019,3,11
370,2019-03-12,6.7,1.1,10.5,1.9,2.9,7.5,670,2019,3,12
370,2019-03-13,6.3,4.1,9.2,8.2,5.9,8.4,340,2019,3,13
370,2019-03-14,8.1,5.9,12.0,8.6,7.0,7.1,347,2019,3,14
370,2019-03-15,10.0,5.6,13.4,6.0,7.2,6.6,296,2019,3,15
370,2019-03-16,10.4,7.3,11.8,6.8,6.5,7.9,315,2019,3,16
370,2019-03-17,6.9,2.5,11.0,5.7,3.9,6.8,1055,2019,3,17
370,2019-03-18,4.5,-1.8,9.9,0.8,1.0,3.8,1127,2019,3,18
370,2019-03-19,4.9,-2.6,11.4,0.0,0.0,2.0,1037,2019,3,19
370,2019-03-20,9.2,2.1,13.0,-0.1,0.0,2.4,691,2019,3,20
370,2019-03-21,9.1,2.4,15.9,0.0,0.0,1.9,1563,2019,3,21
370,2019-03-22,10.5,3.1,19.8,0.0,0.0,2.1,1515,2019,3,22
370,2019-03-23,9.1,5.7,12.3,-0.1,0.0,2.8,389,2019,3,23
370,2019-03-24,6.5,1.4,11.8,0.0,0.0,3.1,1672,2019,3,24
370,2019-03-25,7.6,3.0,10.7,1.0,0.6,5.9,1234,2019,3,25
370,2019-03-26,7.4,2.1,10.5,0.0,0.0,2.6,626,2019,3,26
370,2019-03-27,8.3,2.5,12.6,0.0,0.0,1.7,882,2019,3,27
370,2019-03-28,8.7,2.6,12.9,0.0,0.0,1.1,798,2019,3,28
370,2019-03-29,10.1,0.2,18.2,0.0,0.0,1.3,1815,2019,3,29
370,2019-03-30,11.8,3.9,19.4,0.0,0.0,2.3,1569,2019,3,30
370,2019-03-31,9.3,4.4,13.2,-0.1,0.0,5.4,1567,2019,3,31
370,2019-04-01,9.1,1.5,15.7,0.0,0.0,3.5,1910,2019,4,1
370,2019-04-02,9.7,5.8,16.9,2.6,3.0,4.0,859,2019,4,2
370,2019-04-03,6.8,2.9,11.0,-0.1,0.0,3.2,924,2019,4,3
370,2019-04-04,6.3,1.8,10.8,0.0,0.0,2.2,1002,2019,4,4
370,2019-04-05,8.2,0.5,13.5,0.0,0.0,3.3,1764,2019,4,5
370,2019-04-06,11.5,7.6,17.0,0.0,0.0,2.9,1395,2019,4,6
370,2019-04-07,15.5,8.5,21.5,0.0,0.0,3.0,1651,2019,4,7
370,2019-04-08,12.2,4.3,20.4,3.1,0.7,1.8,1435,2019,4,8
370,2019-04-09,10.8,6.9,15.9,0.0,0.0,5.3,1269,2019,4,9
370,2019-04-10,7.2,1.5,13.0,0.0,0.0,6.1,2105,2019,4,10
370,2019-04-11,6.1,-1.6,11.8,0.0,0.0,4.3,2117,2019,4,11
370,2019-04-12,5.2,-0.4,9.0,0.0,0.0,4.2,996,2019,4,12
370,2019-04-13,2.6,-2.7,8.5,-0.1,0.0,4.4,1478,2019,4,13
370,2019-04-14,5.6,-1.5,11.8,0.0,0.0,4.3,1831,2019,4,14
370,2019-04-15,10.5,0.1,17.6,0.0,0.0,3.9,2083,2019,4,15
370,2019-04-16,13.6,7.2,20.5,0.0,0.0,3.9,1916,2019,4,16
370,2019-04-17,12.5,8.7,16.1,-0.1,0.0,2.2,879,2019,4,17
370,2019-04-18,17.2,7.9,23.0,0.0,0.0,4.6,2225,2019,4,18
370,2019-04-19,17.3,7.8,25.0,0.0,0.0,3.5,2281,2019,4,19
370,2019-04-20,17.7,6.5,25.3,0.0,0.0,3.5,2312,2019,4,20
370,2019-04-21,16.8,6.8,25.0,0.0,0.0,2.8,2300,2019,4,21
370,2019-04-22,18.3,5.8,26.3,0.0,0.0,4.1,2368,2019,4,22
370,2019-04-23,16.5,10.9,22.1,0.0,0.0,4.2,1903,2019,4,23
370,2019-04-24,16.7,9.6,26.1,8.3,4.2,5.4,1754,2019,4,24
370,2019-04-25,12.3,8.5,19.2,1.5,2.2,4.0,1096,2019,4,25
370,2019-04-26,12.4,7.4,18.1,0.1,0.1,3.0,1419,2019,4,26
370,2019-04-27,10.1,7.3,13.7,4.6,3.7,4.8,1025,2019,4,27
370,2019-04-28,8.7,3.3,14.0,-0.1,0.0,2.8,1392,2019,4,28
370,2019-04-29,10.5,0.7,17.3,0.0,0.0,2.8,2048,2019,4,29
370,2019-04-30,10.4,3.8,14.0,0.0,0.0,3.1,980,2019,4,30
370,2019-05-01,9.3,2.0,16.7,0.0,0.0,1.4,1849,2019,5,1
370,2019-05-02,9.6,1.9,15.5,1.7,0.9,2.8,1168,2019,5,2
370,2019-05-03,8.5,5.3,12.3,2.6,4.2,3.0,1279,2019,5,3
370,2019-05-04,6.2,0.5,11.4,2.4,2.2,4.3,2133,2019,5,4
370,2019-05-05,6.2,-0.1,11.3,0.6,0.1,3.6,1550,2019,5,5
370,2019-05-06,6.2,-0.3,10.7,3.2,1.9,2.5,734,2019,5,6
370,2019-05-07,9.5,4.6,13.8,0.0,0.0,1.8,1395,2019,5,7
370,2019-05-08,10.4,8.3,13.4,2.0,3.0,3.6,616,2019,5,8
370,2019-05-09,11.8,6.4,16.8,0.7,0.7,3.3,1489,2019,5,9
370,2019-05-10,11.2,8.7,14.7,4.9,2.3,2.4,1440,2019,5,10
370,2019-05-11,11.3,4.6,16.5,-0.1,0.0,4.5,2453,2019,5,11
370,2019-05-12,9.5,2.0,15.4,0.0,0.0,3.3,2088,2019,5,12
370,2019-05-13,10.3,2.0,16.9,0.0,0.0,3.8,2816,2019,5,13
370,2019-05-14,10.9,3.9,17.2,0.0,0.0,4.2,2629,2019,5,14
370,2019-05-15,12.2,4.2,17.9,0.0,0.0,4.0,2836,2019,5,15
370,2019-05-16,12.0,4.3,18.1,-0.1,0.0,4.5,2001,2019,5,16
370,2019-05-17,11.3,9.7,12.8,0.5,0.6,2.9,657,2019,5,17
370,2019-05-18,16.0,7.1,22.1,0.0,0.0,1.7,2010,2019,5,18
370,2019-05-19,15.8,12.6,22.8,0.8,1.2,3.2,1268,2019,5,19
370,2019-05-20,13.1,11.0,15.3,0.0,0.0,3.6,538,2019,5,20
370,2019-05-21,12.2,10.7,15.8,0.0,0.0,4.9,861,2019,5,21
370,2019-05-22,14.0,6.8,21.5,0.0,0.0,2.6,2350,2019,5,22
370,2019-05-23,15.9,4.9,23.0,0.0,0.0,2.6,2605,2019,5,23
370,2019-05-24,16.3,7.4,24.3,0.0,0.0,3.1,2655,2019,5,24
370,2019-05-25,13.5,5.5,19.1,0.0,0.0,1.3,1533,2019,5,25
370,2019-05-26,16.1,7.6,22.4,1.9,1.7,5.3,1568,2019,5,26
370,2019-05-27,15.2,10.7,19.6,0.9,1.3,3.2,2015,2019,5,27
370,2019-05-28,11.9,5.5,16.5,11.7,1.9,2.5,1296,2019,5,28
370,2019-05-29,13.7,3.1,20.1,0.0,0.0,2.1,2720,2019,5,29
370,2019-05-30,17.4,12.8,22.6,0.5,0.7,4.8,1102,2019,5,30
370,2019-05-31,17.7,11.2,21.6,0.0,0.0,3.5,1889,2019,5,31
370,2019-06-01,20.1,10.9,27.3,0.0,0.0,2.2,2712,2019,6,1
370,2019-06-02,23.4,13.7,32.0,6.5,0.4,3.8,2795,2019,6,2
370,2019-06-03,18.0,14.7,21.1,-0.1,0.0,2.6,1506,2019,6,3
370,2019-06-04,20.0,11.5,27.0,12.1,1.1,3.1,1809,2019,6,4
370,2019-06-05,16.8,11.2,20.3,21.7,3.0,3.1,994,2019,6,5
370,2019-06-06,15.0,11.0,19.9,4.4,1.9,3.8,2338,2019,6,6
370,2019-06-07,15.7,8.8,23.5,0.6,0.5,5.3,1982,2019,6,7
370,2019-06-08,14.6,10.6,19.7,0.3,0.3,8.4,1548,2019,6,8
370,2019-06-09,15.7,8.2,20.9,-0.1,0.0,2.8,2034,2019,6,9
370,2019-06-10,16.9,12.6,22.6,2.1,2.5,2.8,1811,2019,6,10
370,2019-06-11,16.2,11.3,20.7,0.0,0.0,2.9,2261,2019,6,11
370,2019-06-12,14.2,10.1,18.8,20.0,6.8,3.6,1178,2019,6,12
370,2019-06-13,14.9,11.4,20.1,5.5,2.0,5.1,2103,2019,6,13
370,2019-06-14,18.4,11.7,24.8,0.3,0.9,2.9,2099,2019,6,14
370,2019-06-15,16.4,11.8,20.8,6.3,5.9,2.6,1870,2019,6,15
370,2019-06-16,17.2,11.9,22.6,0.0,0.0,3.3,2139,2019,6,16
370,2019-06-17,20.2,10.9,26.7,0.0,0.0,2.0,2778,2019,6,17
370,2019-06-18,22.3,12.7,28.3,0.0,0.0,1.7,2545,2019,6,18
370,2019-06-19,20.8,16.8,27.9,1.3,1.3,2.9,1619,2019,6,19
370,2019-06-20,17.2,10.4,22.0,-0.1,0.0,3.8,1530,2019,6,20
370,2019-06-21,15.4,9.2,21.9,0.0,0.0,3.1,2178,2019,6,21
370,2019-06-22,18.0,7.9,24.7,0.0,0.0,3.4,2612,2019,6,22
370,2019-06-23,23.9,13.0,29.9,0.0,0.0,3.2,2676,2019,6,23
370,2019-06-24,26.7,19.7,32.6,0.0,0.0,2.9,2700,2019,6,24
370,2019-06-25,27.9,20.4,35.1,0.0,0.0,3.3,2569,2019,6,25
370,2019-06-26,20.8,15.7,26.2,0.0,0.0,4.2,2502,2019,6,26
370,2019-06-27,18.6,13.0,25.3,0.0,0.0,4.8,3009,2019,6,27
370,2019-06-28,18.9,10.4,26.2,0.0,0.0,3.6,3014,2019,6,28
370,2019-06-29,25.0,12.6,33.6,0.0,0.0,2.3,3024,2019,6,29
370,2019-06-30,22.3,16.1,27.0,0.0,0.0,3.5,2403,2019,6,30
370,2019-07-01,18.1,11.0,24.9,0.0,0.0,4.1,2521,2019,7,1
370,2019-07-02,17.3,9.8,23.4,0.0,0.0,3.1,2104,2019,7,2
370,2019-07-03,16.1,9.4,22.6,0.0,0.0,4.0,2438,2019,7,3
370,2019-07-04,17.3,8.7,24.2,0.0,0.0,2.2,2894,2019,7,4
370,2019-07-05,19.4,12.8,26.4,0.0,0.0,2.8,2501,2019,7,5
370,2019-07-06,18.0,11.2,26.4,4.7,3.3,3.6,1725,2019,7,6
370,2019-07-07,15.2,9.6,20.2,0.0,0.0,3.4,2351,2019,7,7
370,2019-07-08,13.5,6.5,18.7,0.0,0.0,3.2,1444,2019,7,8
370,2019-07-09,14.8,6.0,22.0,0.0,0.0,2.6,2525,2019,7,9
370,2019-07-10,16.3,8.4,21.0,-0.1,0.0,1.8,1502,2019,7,10
370,2019-07-11,19.9,14.3,25.5,0.0,0.0,3.0,2088,2019,7,11
370,2019-07-12,16.7,12.6,21.1,8.0,2.9,2.6,1289,2019,7,12
370,2019-07-13,16.9,14.3,21.3,1.3,1.2,3.2,1244,2019,7,13
370,2019-07-14,15.3,10.0,19.0,0.5,0.7,2.8,1051,2019,7,14
370,2019-07-15,14.6,9.4,18.7,0.1,0.2,2.5,1161,2019,7,15
370,2019-07-16,15.4,8.4,21.1,0.0,0.0,1.6,1786,2019,7,16
370,2019-07-17,18.3,9.1,24.9,0.0,0.0,1.3,2194,2019,7,17
370,2019-07-18,19.7,15.1,24.3,0.0,0.0,3.6,1715,2019,7,18
370,2019-07-19,20.4,14.1,26.1,0.0,0.0,2.8,2048,2019,7,19
370,2019-07-20,21.4,15.0,27.0,0.3,0.4,3.5,1540,2019,7,20
370,2019-07-21,18.8,13.3,24.9,0.0,0.0,2.8,1831,2019,7,21
370,2019-07-22,22.0,12.3,29.5,0.0,0.0,3.1,2681,2019,7,22
370,2019-07-23,26.5,14.9,34.6,0.0,0.0,2.0,2755,2019,7,23
370,2019-07-24,29.4,20.7,39.3,0.0,0.0,2.9,2566,2019,7,24
370,2019-07-25,31.2,17.7,40.4,0.0,0.0,2.3,2416,2019,7,25
370,2019-07-26,28.1,20.2,39.0,3.0,1.8,4.1,2135,2019,7,26
370,2019-07-27,19.8,18.5,21.8,10.7,5.4,2.6,653,2019,7,27
370,2019-07-28,17.9,14.5,19.0,0.1,0.2,3.1,240,2019,7,28
370,2019-07-29,19.6,13.9,25.8,0.0,0.0,2.0,2239,2019,7,29
370,2019-07-30,22.1,13.2,29.0,0.0,0.0,3.9,2402,2019,7,30
370,2019-07-31,18.3,13.3,24.4,0.6,0.3,4.7,1549,2019,7,31
370,2019-08-01,18.7,12.9,24.8,0.0,0.0,3.4,1905,2019,8,1
370,2019-08-02,18.0,12.0,23.9,2.4,1.0,3.9,1510,2019,8,2
370,2019-08-03,17.5,13.4,21.9,0.4,0.6,1.8,970,2019,8,3
370,2019-08-04,20.6,11.2,27.1,0.0,0.0,1.7,2193,2019,8,4
370,2019-08-05,21.8,17.9,26.9,-0.1,0.0,3.4,2020,2019,8,5
370,2019-08-06,20.3,14.4,25.2,0.0,0.0,3.8,1926,2019,8,6
370,2019-08-07,19.2,14.2,25.9,-0.1,0.0,4.2,2022,2019,8,7
370,2019-08-08,19.8,12.8,25.3,0.0,0.0,3.9,2021,2019,8,8
370,2019-08-09,20.9,18.4,25.1,5.4,2.6,3.8,813,2019,8,9
370,2019-08-10,21.0,15.6,25.8,-0.1,0.0,7.3,1689,2019,8,10
370,2019-08-11,18.4,14.2,23.5,0.0,0.0,4.9,1722,2019,8,11
370,2019-08-12,16.4,12.3,24.3,4.2,2.9,3.9,1656,2019,8,12
370,2019-08-13,13.9,8.5,20.2,1.9,1.7,4.0,1455,2019,8,13
370,2019-08-14,16.2,8.5,22.7,1.5,2.4,3.3,1882,2019,8,14
370,2019-08-15,17.6,12.3,22.3,3.4,2.9,5.0,1261,2019,8,15
370,2019-08-16,17.7,10.6,23.2,0.6,1.4,3.5,1424,2019,8,16
370,2019-08-17,18.2,16.4,20.3,1.2,1.4,4.9,555,2019,8,17
370,2019-08-18,16.4,12.2,20.5,4.3,8.0,3.2,860,2019,8,18
370,2019-08-19,16.9,11.6,23.1,-0.1,0.0,5.4,2097,2019,8,19
370,2019-08-20,15.8,9.4,22.2,2.2,0.3,3.2,1885,2019,8,20
370,2019-08-21,16.0,8.2,23.0,0.0,0.0,1.3,2057,2019,8,21
370,2019-08-22,17.9,9.1,26.0,0.0,0.0,2.0,2263,2019,8,22
370,2019-08-23,19.3,8.7,27.6,0.0,0.0,2.0,2109,2019,8,23
370,2019-08-24,22.0,11.0,30.9,0.0,0.0,1.7,2227,2019,8,24
370,2019-08-25,23.0,12.1,32.0,0.0,0.0,1.5,2151,2019,8,25
370,2019-08-26,24.6,14.8,32.8,0.0,0.0,1.5,1776,2019,8,26
370,2019-08-27,25.6,17.1,34.3,0.0,0.0,1.9,1918,2019,8,27
370,2019-08-28,23.5,18.0,30.2,0.5,1.2,2.8,1614,2019,8,28
370,2019-08-29,18.4,11.7,23.5,13.0,2.4,2.8,1278,2019,8,29
370,2019-08-30,17.1,9.5,24.8,0.0,0.0,1.9,2136,2019,8,30
370,2019-08-31,20.4,10.0,31.4,0.3,0.2,2.5,1926,2019,8,31
370,2019-09-01,16.5,9.8,21.7,-0.1,0.0,2.9,1289,2019,9,1
370,2019-09-02,15.3,8.8,22.0,0.0,0.0,2.5,1850,2019,9,2
370,2019-09-03,16.6,11.0,20.4,-0.1,0.0,4.1,779,2019,9,3
370,2019-09-04,15.8,12.1,22.7,4.8,2.4,4.6,1164,2019,9,4
370,2019-09-05,13.0,7.0,18.2,0.8,0.8,3.8,1276,2019,9,5
370,2019-09-06,13.8,5.6,20.0,0.0,0.0,4.3,1582,2019,9,6
370,2019-09-07,14.4,10.4,18.3,2.6,0.7,2.9,1065,2019,9,7
370,2019-09-08,13.3,6.7,19.0,0.6,1.1,2.6,1402,2019,9,8
370,2019-09-09,11.9,5.1,19.1,0.0,0.0,1.9,1660,2019,9,9
370,2019-09-10,12.9,4.2,20.7,0.0,0.0,1.4,1620,2019,9,10
370,2019-09-11,14.4,6.7,17.5,1.7,4.4,4.1,469,2019,9,11
370,2019-09-12,19.4,16.4,23.9,-0.1,0.0,4.4,1523,2019,9,12
370,2019-09-13,17.5,10.5,22.1,0.5,0.9,3.2,1122,2019,9,13
370,2019-09-14,14.2,7.0,22.1,0.0,0.0,1.9,1790,2019,9,14
370,2019-09-15,16.1,6.2,25.3,0.0,0.0,2.6,1728,2019,9,15
370,2019-09-16,14.9,11.9,18.2,0.2,1.0,1.8,421,2019,9,16
370,2019-09-17,12.2,4.0,19.6,0.0,0.0,3.2,1078,2019,9,17
370,2019-09-18,11.0,2.5,18.9,0.0,0.0,2.4,1295,2019,9,18
370,2019-09-19,11.8,5.5,18.0,0.0,0.0,1.8,1249,2019,9,19
370,2019-09-20,13.0,2.9,20.1,0.0,0.0,2.3,1620,2019,9,20
370,2019-09-21,17.7,10.2,25.5,0.0,0.0,3.4,1688,2019,9,21
370,2019-09-22,19.4,13.3,28.1,4.1,2.6,3.4,1289,2019,9,22
370,2019-09-23,15.9,11.2,19.9,1.8,2.3,3.3,840,2019,9,23
370,2019-09-24,15.3,13.1,19.1,7.2,5.0,3.6,426,2019,9,24
370,2019-09-25,15.2,12.4,18.0,2.1,2.6,4.3,709,2019,9,25
370,2019-09-26,16.0,13.6,19.3,7.4,5.8,4.6,346,2019,9,26
370,2019-09-27,15.3,12.8,20.1,5.6,0.6,5.4,1002,2019,9,27
370,2019-09-28,15.0,13.3,17.5,1.7,1.5,7.0,791,2019,9,28
370,2019-09-29,15.4,13.3,17.9,6.2,5.7,7.1,361,2019,9,29
370,2019-09-30,15.1,13.0,18.0,3.6,2.8,5.1,992,2019,9,30
370,2019-10-01,15.3,11.0,17.4,18.8,5.9,4.9,491,2019,10,1
370,2019-10-02,10.3,8.4,14.9,2.0,0.9,3.5,1099,2019,10,2
370,2019-10-03,10.9,7.8,14.5,0.6,1.0,3.5,665,2019,10,3
370,2019-10-04,11.3,8.5,14.6,11.6,5.8,4.8,396,2019,10,4
370,2019-10-05,10.3,7.5,13.1,0.0,0.0,2.6,665,2019,10,5
370,2019-10-06,9.3,8.5,10.2,17.0,9.6,3.8,195,2019,10,6
370,2019-10-07,10.7,8.5,12.7,0.9,1.1,3.0,341,2019,10,7
370,2019-10-08,13.3,11.5,16.1,3.8,5.2,5.3,495,2019,10,8
370,2019-10-09,11.6,9.9,13.9,3.3,2.0,6.0,527,2019,10,9
370,2019-10-10,12.6,9.0,16.8,0.3,0.3,5.7,998,2019,10,10
370,2019-10-11,14.6,12.1,16.9,1.7,4.8,6.8,305,2019,10,11
370,2019-10-12,15.7,13.0,18.9,0.0,0.0,4.5,454,2019,10,12
370,2019-10-13,18.4,14.6,24.5,0.5,0.2,5.3,888,2019,10,13
370,2019-10-14,16.9,9.3,21.9,-0.1,0.0,2.8,859,2019,10,14
370,2019-10-15,14.7,12.5,16.9,1.8,3.7,3.0,330,2019,10,15
370,2019-10-16,13.1,10.5,14.6,8.3,9.5,4.8,442,2019,10,16
370,2019-10-17,13.4,10.5,16.8,1.2,2.9,3.6,554,2019,10,17
370,2019-10-18,12.3,9.5,15.2,7.6,2.1,5.8,632,2019,10,18
370,2019-10-19,11.7,9.7,13.9,2.5,3.8,3.7,404,2019,10,19
370,2019-10-20,10.8,7.8,12.3,4.0,4.1,2.2,199,2019,10,20
370,2019-10-21,12.6,11.2,15.1,3.3,2.0,3.5,361,2019,10,21
370,2019-10-22,12.6,9.9,16.0,-0.1,0.0,2.7,600,2019,10,22
370,2019-10-23,13.3,10.8,17.0,-0.1,0.0,2.8,682,2019,10,23
370,2019-10-24,15.1,11.4,20.3,-0.1,0.0,4.4,513,2019,10,24
370,2019-10-25,13.9,11.0,16.5,-0.1,0.0,5.5,714,2019,10,25
370,2019-10-26,16.8,13.9,20.2,1.1,1.0,6.8,774,2019,10,26
370,2019-10-27,8.8,2.8,14.8,2.7,3.3,2.9,563,2019,10,27
370,2019-10-28,7.0,1.2,13.8,0.0,0.0,1.3,673,2019,10,28
370,2019-10-29,6.8,2.7,12.1,0.0,0.0,2.8,790,2019,10,29
370,2019-10-30,4.6,-0.2,8.5,0.0,0.0,2.8,527,2019,10,30
370,2019-10-31,4.9,1.0,10.5,0.0,0.0,3.1,824,2019,10,31
370,2019-11-01,8.6,2.2,13.7,7.3,7.6,3.7,206,2019,11,1
370,2019-11-02,13.3,11.0,14.9,2.4,1.7,6.5,458,2019,11,2
370,2019-11-03,10.8,8.9,12.5,4.2,7.0,3.1,323,2019,11,3
370,2019-11-04,10.4,8.1,13.4,2.3,2.6,3.4,421,2019,11,4
370,2019-11-05,8.9,7.8,11.0,2.2,4.0,2.5,234,2019,11,5
370,2019-11-06,8.5,5.8,11.1,0.6,1.6,1.7,322,2019,11,6
370,2019-11-07,7.6,4.0,10.1,3.7,3.3,4.0,239,2019,11,7
370,2019-11-08,4.6,1.1,10.6,0.0,0.0,1.8,685,2019,11,8
370,2019-11-09,5.2,0.0,9.6,-0.1,0.0,4.2,595,2019,11,9
370,2019-11-10,2.6,-2.3,11.2,0.0,0.0,1.0,704,2019,11,10
370,2019-11-11,5.3,0.9,8.4,2.0,3.5,5.0,277,2019,11,11
370,2019-11-12,5.1,3.7,7.3,-0.1,0.0,5.5,372,2019,11,12
370,2019-11-13,5.8,4.0,8.7,7.7,3.4,4.0,206,2019,11,13
370,2019-11-14,5.5,2.4,8.9,-0.1,0.0,2.9,257,2019,11,14
370,2019-11-15,4.1,1.9,6.0,0.0,0.0,3.5,225,2019,11,15
370,2019-11-16,3.7,-1.2,7.8,0.0,0.0,1.8,367,2019,11,16
370,2019-11-17,4.1,-0.5,7.2,2.9,2.9,2.3,445,2019,11,17
370,2019-11-18,5.6,4.2,7.5,13.9,12.3,3.8,79,2019,11,18
370,2019-11-19,4.3,-1.5,8.7,1.4,2.5,2.7,414,2019,11,19
370,2019-11-20,1.6,-2.6,6.8,0.0,0.0,2.2,564,2019,11,20
370,2019-11-21,2.0,0.3,3.5,0.0,0.0,2.8,226,2019,11,21
370,2019-11-22,6.8,3.1,11.5,0.8,1.1,4.0,483,2019,11,22
370,2019-11-23,6.2,3.2,8.4,-0.1,0.0,3.5,268,2019,11,23
370,2019-11-24,6.3,1.3,10.4,0.0,0.0,1.9,370,2019,11,24
370,2019-11-25,7.4,3.9,11.5,0.0,0.0,2.5,458,2019,11,25
370,2019-11-26,10.2,7.4,12.1,0.7,1.2,3.9,128,2019,11,26
370,2019-11-27,10.6,9.6,11.9,9.8,7.6,5.7,199,2019,11,27
370,2019-11-28,9.5,7.8,10.5,10.8,10.6,6.7,79,2019,11,28
370,2019-11-29,4.8,-0.3,9.3,-0.1,0.0,2.2,353,2019,11,29
370,2019-11-30,1.6,-2.6,7.2,0.0,0.0,1.4,464,2019,11,30
370,2019-12-01,1.1,-2.2,4.1,0.0,0.0,3.0,250,2019,12,1
370,2019-12-02,3.1,-3.4,8.6,0.1,0.4,1.9,343,2019,12,2
370,2019-12-03,3.2,0.6,5.8,-0.1,0.0,2.0,273,2019,12,3
370,2019-12-04,0.7,-2.1,4.4,0.0,0.0,1.5,347,2019,12,4
370,2019-12-05,1.5,-0.7,3.8,0.0,0.0,4.1,204,2019,12,5
370,2019-12-06,5.7,2.6,9.5,6.7,11.3,7.9,77,2019,12,6
370,2019-12-07,9.1,8.5,10.1,-0.1,0.0,5.5,161,2019,12,7
370,2019-12-08,9.2,6.2,11.3,2.5,3.5,8.6,180,2019,12,8
370,2019-12-09,6.3,3.0,7.9,15.0,7.9,5.7,169,2019,12,9
370,2019-12-10,4.3,0.6,7.5,-0.1,0.0,5.5,394,2019,12,10
370,2019-12-11,5.5,3.8,7.4,4.9,6.8,4.5,112,2019,12,11
370,2019-12-12,4.5,2.0,6.2,2.0,2.0,5.6,350,2019,12,12
370,2019-12-13,5.1,3.6,7.0,7.7,10.1,4.6,79,2019,12,13
370,2019-12-14,5.7,4.4,7.4,10.9,6.1,6.3,163,2019,12,14
370,2019-12-15,7.3,4.1,9.6,3.0,2.2,6.5,314,2019,12,15
370,2019-12-16,7.5,4.3,9.1,0.6,2.8,2.6,89,2019,12,16
370,2019-12-17,11.1,4.7,15.9,1.9,2.4,4.1,252,2019,12,17
370,2019-12-18,6.7,4.2,9.8,0.0,0.0,3.0,349,2019,12,18
370,2019-12-19,11.3,6.8,15.1,0.1,0.1,3.7,356,2019,12,19
370,2019-12-20,11.0,6.9,14.2,1.3,2.6,5.5,109,2019,12,20
370,2019-12-21,7.3,4.9,9.1,1.8,1.5,4.6,169,2019,12,21
370,2019-12-22,7.8,6.2,9.3,11.9,12.6,4.3,74,2019,12,22
370,2019-12-23,7.4,5.1,8.9,2.7,2.4,5.2,185,2019,12,23
370,2019-12-24,8.8,5.9,11.1,1.3,1.7,6.0,139,2019,12,24
370,2019-12-25,7.4,5.5,9.7,1.9,2.7,3.5,126,2019,12,25
370,2019-12-26,5.3,3.1,6.1,5.9,3.3,2.3,108,2019,12,26
370,2019-12-27,5.4,4.1,6.0,2.7,4.3,2.8,310,2019,12,27
370,2019-12-28,1.1,-2.1,5.0,0.0,0.0,1.7,342,2019,12,28
370,2019-12-29,0.7,-2.5,4.0,0.0,0.0,1.9,259,2019,12,29
370,2019-12-30,4.1,-0.1,9.8,0.0,0.0,3.5,416,2019,12,30
370,2019-12-31,3.2,0.0,6.2,-0.1,0.0,2.4,219,2019,12,31
370,2020-01-01,0.6,-1.2,3.5,0.0,0.0,2.1,131,2020,1,1
370,2020-01-02,3.7,0.5,7.7,0.0,0.0,3.8,124,2020,1,2
370,2020-01-03,7.6,2.6,10.1,4.9,6.4,5.3,68,2020,1,3
370,2020-01-04,5.6,2.0,8.2,0.9,3.1,4.5,201,2020,1,4
370,2020-01-05,6.5,5.8,7.4,-0.1,0.0,3.2,99,2020,1,5
370,2020-01-06,5.7,3.1,7.9,1.3,2.2,3.9,478,2020,1,6
370,2020-01-07,7.2,4.7,8.6,-0.1,0.0,5.1,164,2020,1,7
370,2020-01-08,10.5,7.7,12.3,2.4,6.2,4.0,76,2020,1,8
370,2020-01-09,11.7,9.8,12.9,3.7,5.0,5.8,71,2020,1,9
370,2020-01-10,6.2,1.1,11.0,3.7,3.2,3.6,198,2020,1,10
370,2020-01-11,5.0,1.5,7.3,0.0,0.0,4.5,303,2020,1,11
370,2020-01-12,6.9,4.0,9.3,1.3,1.7,6.1,122,2020,1,12
370,2020-01-13,8.3,6.4,11.0,-0.1,0.0,5.3,395,2020,1,13
370,2020-01-14,10.7,9.2,12.2,2.3,3.8,8.3,86,2020,1,14
370,2020-01-15,9.5,4.9,12.8,2.8,3.4,6.6,238,2020,1,15
370,2020-01-16,7.2,1.4,11.8,0.0,0.0,3.6,552,2020,1,16
370,2020-01-17,8.1,3.0,10.2,0.3,1.1,4.8,148,2020,1,17
370,2020-01-18,3.8,-0.3,7.7,0.5,0.5,4.0,334,2020,1,18
370,2020-01-19,2.8,-0.4,7.6,-0.1,0.0,2.5,396,2020,1,19
370,2020-01-20,1.2,-2.2,4.5,0.0,0.0,1.2,230,2020,1,20
370,2020-01-21,-1.0,-2.3,0.4,0.0,0.0,1.4,232,2020,1,21
370,2020-01-22,1.6,-1.4,4.0,-0.1,0.0,1.5,175,2020,1,22
370,2020-01-23,3.6,1.5,6.1,0.0,0.0,2.0,284,2020,1,23
370,2020-01-24,1.3,0.3,1.9,0.0,0.0,1.7,85,2020,1,24
370,2020-01-25,1.0,-0.3,2.3,0.0,0.0,1.9,110,2020,1,25
370,2020-01-26,5.9,1.2,10.4,0.0,0.0,3.5,473,2020,1,26
370,2020-01-27,8.3,7.2,9.4,2.6,4.5,5.3,209,2020,1,27
370,2020-01-28,5.1,2.9,7.4,4.3,3.6,6.9,358,2020,1,28
370,2020-01-29,4.9,2.8,7.7,0.4,0.6,6.4,484,2020,1,29
370,2020-01-30,8.5,5.5,12.1,2.0,5.3,6.6,355,2020,1,30
370,2020-01-31,11.6,10.2,12.7,-0.1,0.0,7.0,231,2020,1,31
370,2020-02-01,10.8,7.7,12.8,6.5,5.2,6.8,276,2020,2,1
370,2020-02-02,9.8,6.5,13.3,3.6,5.1,6.0,109,2020,2,2
370,2020-02-03,9.3,5.6,11.2,5.6,4.8,5.5,241,2020,2,3
370,2020-02-04,5.1,1.4,7.2,5.5,3.6,4.5,363,2020,2,4
370,2020-02-05,5.0,0.1,8.6,0.0,0.0,1.8,655,2020,2,5
370,2020-02-06,3.0,-1.3,7.9,0.0,0.0,1.8,323,2020,2,6
370,2020-02-07,3.9,-1.6,8.8,0.0,0.0,3.2,786,2020,2,7
370,2020-02-08,7.5,2.6,12.3,1.2,2.8,4.2,325,2020,2,8
370,2020-02-09,10.1,6.7,12.9,21.4,5.4,10.8,271,2020,2,9
370,2020-02-10,7.9,4.3,11.5,9.5,3.3,10.5,385,2020,2,10
370,2020-02-11,5.6,3.8,7.9,1.4,1.2,8.8,531,2020,2,11
370,2020-02-12,4.8,2.0,8.8,-0.1,0.0,6.8,783,2020,2,12
370,2020-02-13,6.1,2.5,9.2,10.7,5.7,5.0,301,2020,2,13
370,2020-02-14,7.4,5.7,9.6,0.1,0.3,4.1,402,2020,2,14
370,2020-02-15,10.5,7.2,13.4,-0.1,0.0,7.0,536,2020,2,15
370,2020-02-16,12.7,8.0,18.0,11.3,7.1,11.3,260,2020,2,16
370,2020-02-17,7.8,5.8,11.4,3.5,2.2,7.8,653,2020,2,17
370,2020-02-18,7.2,4.6,9.5,2.6,1.6,7.9,507,2020,2,18
370,2020-02-19,6.0,3.9,8.1,7.0,2.1,5.6,621,2020,2,19
370,2020-02-20,7.9,3.9,10.6,7.2,3.2,7.0,358,2020,2,20
370,2020-02-21,6.5,2.3,9.2,0.0,0.0,7.2,572,2020,2,21
370,2020-02-22,8.6,6.4,10.1,3.8,3.0,9.4,220,2020,2,22
370,2020-02-23,9.1,2.5,12.5,19.7,14.6,7.8,113,2020,2,23
370,2020-02-24,7.8,2.5,11.8,5.6,8.7,6.4,168,2020,2,24
370,2020-02-25,6.7,3.0,11.0,2.5,2.6,6.2,768,2020,2,25
370,2020-02-26,2.8,0.1,6.7,15.3,6.7,4.3,609,2020,2,26
370,2020-02-27,2.2,0.6,3.4,9.8,9.1,3.8,185,2020,2,27
370,2020-02-28,4.0,-0.4,8.1,5.3,5.0,5.5,615,2020,2,28
370,2020-02-29,8.7,4.5,13.6,1.8,0.9,7.6,588,2020,2,29
370,2020-03-01,6.7,3.7,10.3,0.4,0.3,6.9,632,2020,3,1
370,2020-03-02,5.9,3.2,8.8,5.8,7.4,3.5,305,2020,3,2
370,2020-03-03,4.3,1.0,9.7,0.9,0.3,4.1,950,2020,3,3
370,2020-03-04,6.1,3.2,10.8,1.6,1.6,3.8,1028,2020,3,4
370,2020-03-05,5.9,4.7,7.4,13.1,12.5,4.0,229,2020,3,5
370,2020-03-06,6.0,4.5,9.5,3.9,5.6,4.1,470,2020,3,6
370,2020-03-07,6.9,1.0,11.3,-0.1,0.0,4.3,1105,2020,3,7
370,2020-03-08,8.2,6.7,10.0,3.8,5.2,5.8,367,2020,3,8
370,2020-03-09,7.7,5.7,10.5,0.8,1.6,5.5,883,2020,3,9
370,2020-03-10,10.6,6.2,13.1,12.8,13.2,8.5,272,2020,3,10
370,2020-03-11,11.8,9.6,14.7,14.7,11.0,5.7,663,2020,3,11
370,2020-03-12,8.8,5.7,13.7,2.9,1.8,8.5,1278,2020,3,12
370,2020-03-13,6.6,2.1,11.0,2.7,1.4,5.5,984,2020,3,13
370,2020-03-14,7.2,0.6,12.0,0.4,0.4,4.0,1083,2020,3,14
370,2020-03-15,10.0,6.8,13.6,0.0,0.0,4.3,609,2020,3,15
370,2020-03-16,8.9,2.2,13.3,-0.1,0.0,1.8,1057,2020,3,16
370,2020-03-17,8.4,2.0,14.7,0.0,0.0,3.5,1576,2020,3,17
370,2020-03-18,10.4,4.2,17.2,0.0,0.0,3.7,1321,2020,3,18
370,2020-03-19,9.8,4.2,15.1,0.0,0.0,2.6,1020,2020,3,19
370,2020-03-20,7.1,5.0,9.3,1.9,5.5,5.8,443,2020,3,20
370,2020-03-21,5.4,2.0,9.6,0.0,0.0,6.7,1759,2020,3,21
370,2020-03-22,5.3,0.6,10.6,0.0,0.0,5.4,1830,2020,3,22
370,2020-03-23,5.4,1.1,10.2,0.0,0.0,5.1,1838,2020,3,23
370,2020-03-24,6.0,0.5,11.3,0.0,0.0,3.8,1853,2020,3,24
370,2020-03-25,6.6,-1.8,11.9,0.0,0.0,4.3,1871,2020,3,25
370,2020-03-26,6.6,-1.0,11.8,0.0,0.0,5.5,1836,2020,3,26
370,2020-03-27,8.5,0.3,15.5,0.0,0.0,4.9,1708,2020,3,27
370,2020-03-28,8.2,3.3,14.3,0.0,0.0,6.4,1771,2020,3,28
370,2020-03-29,4.0,-1.2,7.9,0.0,0.0,7.4,981,2020,3,29
370,2020-03-30,3.4,-4.9,9.1,-0.1,0.0,2.5,1224,2020,3,30
370,2020-03-31,4.3,-0.8,9.8,0.0,0.0,3.8,2002,2020,3,31
370,2020-04-01,4.1,-4.2,10.8,0.0,0.0,1.8,2008,2020,4,1
370,2020-04-02,6.4,-2.1,10.5,-0.1,0.0,3.5,1049,2020,4,2
370,2020-04-03,6.9,-1.3,11.5,0.0,0.0,3.6,1154,2020,4,3
370,2020-04-04,8.4,-2.1,15.3,0.0,0.0,2.4,2074,2020,4,4
370,2020-04-05,14.1,6.0,21.4,0.0,0.0,4.1,2086,2020,4,5
370,2020-04-06,15.6,6.9,24.0,-0.1,0.0,4.1,1973,2020,4,6
370,2020-04-07,13.6,3.8,20.4,0.0,0.0,2.4,1998,2020,4,7
370,2020-04-08,15.9,6.1,25.5,0.0,0.0,1.3,1757,2020,4,8
370,2020-04-09,14.1,6.9,21.7,0.0,0.0,3.3,1716,2020,4,9
370,2020-04-10,13.1,6.2,20.4,0.0,0.0,3.9,2118,2020,4,10
370,2020-04-11,13.8,4.0,22.9,0.0,0.0,2.0,2167,2020,4,11
370,2020-04-12,13.6,4.2,24.8,1.6,1.3,2.1,1726,2020,4,12
370,2020-04-13,8.4,4.2,11.8,-0.1,0.0,6.2,1864,2020,4,13
370,2020-04-14,6.3,1.0,10.8,0.0,0.0,2.1,1215,2020,4,14
370,2020-04-15,10.0,-1.1,18.3,0.0,0.0,1.8,2141,2020,4,15
370,2020-04-16,14.4,3.1,24.4,0.0,0.0,2.0,2158,2020,4,16
370,2020-04-17,12.9,6.6,19.8,0.0,0.0,4.8,2133,2020,4,17
370,2020-04-18,11.8,7.6,16.1,-0.1,0.0,2.9,1066,2020,4,18
370,2020-04-19,13.3,8.4,19.1,0.0,0.0,4.7,1847,2020,4,19
370,2020-04-20,13.6,7.0,19.6,0.0,0.0,6.7,2399,2020,4,20
370,2020-04-21,14.8,8.6,20.8,0.0,0.0,6.5,2440,2020,4,21
370,2020-04-22,16.0,7.2,22.5,0.0,0.0,5.3,2470,2020,4,22
370,2020-04-23,15.4,6.7,23.8,0.0,0.0,2.3,2428,2020,4,23
370,2020-04-24,12.9,5.2,20.7,0.0,0.0,3.2,2427,2020,4,24
370,2020-04-25,10.5,5.0,15.7,0.0,0.0,3.1,2005,2020,4,25
370,2020-04-26,10.6,1.4,18.5,0.0,0.0,1.8,2482,2020,4,26
370,2020-04-27,13.8,2.7,23.0,0.0,0.0,2.6,2254,2020,4,27
370,2020-04-28,11.8,8.3,15.9,3.6,3.4,2.6,912,2020,4,28
370,2020-04-29,12.7,9.7,17.7,1.1,4.1,5.1,1267,2020,4,29
370,2020-04-30,11.2,7.8,16.9,8.8,4.6,5.5,1811,2020,4,30
370,2020-05-01,10.0,7.3,15.9,4.6,1.6,5.3,1481,2020,5,1
370,2020-05-02,9.4,5.0,15.1,1.1,1.9,4.4,1678,2020,5,2
370,2020-05-03,12.1,4.3,17.6,-0.1,0.0,2.3,1605,2020,5,3
370,2020-05-04,12.3,6.4,17.6,-0.1,0.0,4.1,1879,2020,5,4
370,2020-05-05,10.0,5.0,15.4,0.0,0.0,4.3,2759,2020,5,5
370,2020-05-06,12.1,2.9,18.5,0.0,0.0,2.6,2685,2020,5,6
370,2020-05-07,14.1,3.6,21.8,0.0,0.0,1.4,2427,2020,5,7
370,2020-05-08,16.0,6.1,22.9,0.0,0.0,2.0,2212,2020,5,8
370,2020-05-09,18.1,9.2,25.5,0.0,0.0,2.4,2530,2020,5,9
370,2020-05-10,14.2,7.2,21.1,-0.1,0.0,3.7,833,2020,5,10
370,2020-05-11,8.6,1.0,13.7,0.5,0.9,7.9,2122,2020,5,11
370,2020-05-12,6.8,-0.7,12.3,0.0,0.0,1.7,1473,2020,5,12
370,2020-05-13,8.6,1.3,14.2,0.0,0.0,3.8,1812,2020,5,13
370,2020-05-14,9.0,1.9,15.1,0.0,0.0,4.8,2842,2020,5,14
370,2020-05-15,9.3,1.0,16.2,0.0,0.0,3.0,2313,2020,5,15
370,2020-05-16,10.5,1.6,17.8,0.0,0.0,3.2,2099,2020,5,16
370,2020-05-17,12.6,2.0,20.2,0.0,0.0,2.3,2332,2020,5,17
370,2020-05-18,15.2,6.0,24.5,0.0,0.0,3.0,2717,2020,5,18
370,2020-05-19,16.7,6.4,24.8,0.0,0.0,3.1,2480,2020,5,19
370,2020-05-20,17.2,8.8,23.4,0.0,0.0,2.4,2530,2020,5,20
370,2020-05-21,20.1,8.9,28.4,0.0,0.0,1.6,2702,2020,5,21
370,2020-05-22,19.4,14.8,27.9,1.1,1.4,4.8,1312,2020,5,22
370,2020-05-23,14.9,11.4,20.5,0.2,0.2,5.5,1884,2020,5,23
370,2020-05-24,13.3,9.9,15.9,0.1,0.5,4.9,1023,2020,5,24
370,2020-05-25,16.4,9.4,22.4,0.0,0.0,3.3,2331,2020,5,25
370,2020-05-26,17.0,6.9,24.0,0.0,0.0,1.9,2770,2020,5,26
370,2020-05-27,16.7,9.0,23.6,0.0,0.0,3.5,2576,2020,5,27
370,2020-05-28,15.7,8.6,22.1,0.0,0.0,5.1,2969,2020,5,28
370,2020-05-29,16.7,7.3,23.4,0.0,0.0,3.7,2989,2020,5,29
370,2020-05-30,18.7,10.9,24.9,0.0,0.0,4.0,2853,2020,5,30
370,2020-05-31,17.3,9.7,22.5,0.0,0.0,4.6,2942,2020,5,31
370,2020-06-01,19.4,10.7,26.3,0.0,0.0,3.2,2871,2020,6,1
370,2020-06-02,20.6,9.4,29.7,0.0,0.0,2.0,2722,2020,6,2
370,2020-06-03,17.5,9.7,24.7,0.0,0.0,3.1,2567,2020,6,3
370,2020-06-04,12.6,6.6,15.1,3.7,5.3,3.5,492,2020,6,4
370,2020-06-05,9.9,5.4,15.3,22.2,2.9,4.9,1169,2020,6,5
370,2020-06-06,12.6,7.0,17.7,1.3,1.2,7.1,2196,2020,6,6
370,2020-06-07,13.8,10.1,19.2,-0.1,0.0,4.7,1603,2020,6,7
370,2020-06-08,14.4,11.0,19.3,0.6,1.2,3.2,1329,2020,6,8
370,2020-06-09,13.6,10.4,17.4,0.0,0.0,4.0,1278,2020,6,9
370,2020-06-10,13.9,8.3,18.3,-0.1,0.0,2.3,827,2020,6,10
370,2020-06-11,16.3,11.7,20.7,0.0,0.0,2.9,1431,2020,6,11
370,2020-06-12,19.8,15.4,26.8,13.2,3.6,3.4,2295,2020,6,12
370,2020-06-13,20.9,15.2,27.0,2.9,2.8,2.2,2759,2020,6,13
370,2020-06-14,17.8,15.2,20.0,10.5,2.0,2.1,555,2020,6,14
370,2020-06-15,20.1,15.2,25.1,0.3,0.6,1.8,1598,2020,6,15
370,2020-06-16,19.0,14.8,23.6,2.6,2.6,1.7,1317,2020,6,16
370,2020-06-17,18.7,13.0,25.5,30.6,6.5,2.7,2346,2020,6,17
370,2020-06-18,18.1,13.3,23.9,4.8,3.1,2.8,2124,2020,6,18
370,2020-06-19,17.7,11.5,23.9,0.0,0.0,3.3,2762,2020,6,19
370,2020-06-20,17.3,10.9,23.5,0.0,0.0,2.3,2611,2020,6,20
370,2020-06-21,19.6,12.7,26.0,2.6,0.6,3.7,2139,2020,6,21
370,2020-06-22,17.7,11.2,23.8,0.0,0.0,2.3,2593,2020,6,22
370,2020-06-23,21.3,11.0,27.2,0.0,0.0,1.9,2941,2020,6,23
370,2020-06-24,24.2,15.4,30.5,0.0,0.0,3.8,2994,2020,6,24
370,2020-06-25,24.8,18.9,30.3,0.0,0.0,3.8,2949,2020,6,25
370,2020-06-26,24.1,19.1,31.6,6.9,2.2,3.1,2693,2020,6,26
370,2020-06-27,21.0,17.2,27.0,1.6,0.9,4.0,1921,2020,6,27
370,2020-06-28,17.9,12.7,22.6,-0.1,0.0,5.1,2154,2020,6,28
370,2020-06-29,16.8,12.7,21.4,0.0,0.0,6.5,2069,2020,6,29
370,2020-06-30,16.8,12.6,21.8,2.4,4.4,6.4,1478,2020,6,30
370,2020-07-01,17.9,13.5,21.5,28.5,8.9,4.5,1071,2020,7,1
370,2020-07-02,16.5,12.5,22.0,0.5,0.6,4.0,1863,2020,7,2
370,2020-07-03,17.5,12.6,22.7,0.0,0.0,5.2,1799,2020,7,3
370,2020-07-04,17.7,14.4,19.9,1.5,3.1,6.5,934,2020,7,4
370,2020-07-05,18.9,14.4,23.8,-0.1,0.0,8.5,1345,2020,7,5
370,2020-07-06,14.5,9.1,19.1,0.8,0.3,5.1,1998,2020,7,6
370,2020-07-07,15.5,6.9,20.9,-0.1,0.0,3.0,1920,2020,7,7
370,2020-07-08,15.0,12.2,17.5,4.0,9.0,2.9,641,2020,7,8
370,2020-07-09,18.1,15.7,21.9,1.2,1.9,5.0,1063,2020,7,9
370,2020-07-10,15.5,8.6,18.3,3.4,2.4,3.9,1254,2020,7,10
370,2020-07-11,13.7,6.8,19.4,8.1,1.4,1.8,1884,2020,7,11
370,2020-07-12,15.6,7.2,21.7,0.0,0.0,2.1,2342,2020,7,12
370,2020-07-13,17.6,8.5,24.4,0.0,0.0,1.7,2882,2020,7,13
370,2020-07-14,15.5,10.8,18.4,1.6,3.0,2.1,882,2020,7,14
370,2020-07-15,16.1,8.9,21.9,-0.1,0.0,2.3,2041,2020,7,15
370,2020-07-16,15.8,12.9,18.0,1.3,1.9,2.7,767,2020,7,16
370,2020-07-17,17.6,13.2,21.3,0.0,0.0,1.4,1269,2020,7,17
370,2020-07-18,20.3,11.7,27.0,0.0,0.0,2.0,2309,2020,7,18
370,2020-07-19,19.2,11.8,25.2,-0.1,0.0,2.9,2505,2020,7,19
370,2020-07-20,17.1,11.5,22.1,-0.1,0.0,3.5,2661,2020,7,20
370,2020-07-21,15.2,7.7,22.1,0.0,0.0,2.5,2537,2020,7,21
370,2020-07-22,15.3,6.8,21.8,0.0,0.0,2.0,2407,2020,7,22
370,2020-07-23,18.5,7.8,26.1,-0.1,0.0,2.0,2538,2020,7,23
370,2020-07-24,18.3,14.3,22.3,0.9,0.3,3.1,1338,2020,7,24
370,2020-07-25,19.4,14.5,24.0,1.0,1.7,3.9,1033,2020,7,25
370,2020-07-26,18.8,13.5,23.7,0.3,1.0,4.1,2129,2020,7,26
370,2020-07-27,18.9,13.3,27.9,0.5,1.1,2.7,1104,2020,7,27
370,2020-07-28,18.3,11.5,22.8,-0.1,0.0,4.7,1747,2020,7,28
370,2020-07-29,17.2,11.4,22.5,0.0,0.0,3.0,2180,2020,7,29
370,2020-07-30,20.2,9.0,28.0,0.0,0.0,1.8,2619,2020,7,30
370,2020-07-31,26.8,14.9,34.9,0.0,0.0,3.1,2661,2020,7,31
370,2020-08-01,21.7,13.2,25.9,0.1,0.2,3.0,1736,2020,8,1
370,2020-08-02,17.0,9.7,23.7,-0.1,0.0,3.0,1638,2020,8,2
370,2020-08-03,15.9,7.9,24.3,-0.1,0.0,2.1,1902,2020,8,3
370,2020-08-04,17.1,8.0,23.6,0.0,0.0,2.0,2572,2020,8,4
370,2020-08-05,21.2,11.3,30.1,0.0,0.0,3.2,2581,2020,8,5
370,2020-08-06,23.5,12.4,31.9,0.0,0.0,1.8,2423,2020,8,6
370,2020-08-07,25.6,15.7,34.6,0.0,0.0,1.6,2503,2020,8,7
370,2020-08-08,27.2,14.9,35.9,0.0,0.0,2.0,2417,2020,8,8
370,2020-08-09,28.2,22.0,35.0,0.0,0.0,2.4,2321,2020,8,9
370,2020-08-10,27.4,19.3,34.4,0.0,0.0,3.1,2147,2020,8,10
370,2020-08-11,26.6,20.3,35.8,3.6,1.5,2.9,1941,2020,8,11
370,2020-08-12,27.1,21.7,33.2,0.0,0.0,3.1,2227,2020,8,12
370,2020-08-13,24.5,19.4,34.1,3.2,0.7,2.1,1673,2020,8,13
370,2020-08-14,22.4,17.5,28.5,0.0,0.0,2.8,1813,2020,8,14
370,2020-08-15,21.4,16.5,28.4,1.2,1.1,1.5,1535,2020,8,15
370,2020-08-16,22.6,15.9,30.8,0.8,0.7,2.3,1558,2020,8,16
370,2020-08-17,20.2,15.0,27.7,0.0,0.0,2.3,1719,2020,8,17
370,2020-08-18,19.1,13.1,26.5,-0.1,0.0,2.8,1846,2020,8,18
370,2020-08-19,21.8,13.9,29.1,0.1,0.2,3.3,1945,2020,8,19
370,2020-08-20,24.6,18.5,30.1,1.9,0.8,3.4,1086,2020,8,20
370,2020-08-21,23.9,16.2,30.6,1.8,2.9,4.9,1858,2020,8,21
370,2020-08-22,19.4,14.8,25.6,0.1,0.2,5.5,1609,2020,8,22
370,2020-08-23,17.7,13.8,22.4,0.3,0.3,5.1,1313,2020,8,23
370,2020-08-24,17.1,11.9,22.9,0.2,0.1,4.4,1379,2020,8,24
370,2020-08-25,17.8,12.2,22.0,0.8,1.4,5.2,717,2020,8,25
370,2020-08-26,16.7,11.7,19.0,0.8,0.8,8.0,412,2020,8,26
370,2020-08-27,17.0,11.9,21.9,0.2,0.5,2.6,1115,2020,8,27
370,2020-08-28,15.9,10.3,22.8,5.3,1.8,4.7,1114,2020,8,28
370,2020-08-29,14.5,9.9,20.6,0.0,0.0,3.9,1516,2020,8,29
370,2020-08-30,14.5,10.1,18.9,7.7,4.9,3.8,811,2020,8,30
370,2020-08-31,14.6,8.3,20.2,0.3,0.6,2.7,1276,2020,8,31
370,2020-09-01,13.2,5.7,19.9,0.0,0.0,1.7,1199,2020,9,1
370,2020-09-02,15.1,8.7,22.3,0.0,0.0,1.4,1530,2020,9,2
370,2020-09-03,16.9,10.0,21.5,1.9,2.2,4.4,667,2020,9,3
370,2020-09-04,18.1,13.6,23.2,1.0,1.5,3.5,1397,2020,9,4
370,2020-09-05,15.1,9.5,20.5,-0.1,0.0,3.4,1394,2020,9,5
370,2020-09-06,13.3,7.2,20.9,0.0,0.0,2.3,1129,2020,9,6
370,2020-09-07,15.2,7.7,22.2,0.0,0.0,2.7,1573,2020,9,7
370,2020-09-08,16.9,12.1,19.2,-0.1,0.0,3.5,521,2020,9,8
370,2020-09-09,18.5,12.2,25.3,-0.1,0.0,3.6,771,2020,9,9
370,2020-09-10,14.1,6.9,21.1,0.0,0.0,1.3,1862,2020,9,10
370,2020-09-11,13.9,5.2,23.0,0.0,0.0,1.3,1447,2020,9,11
370,2020-09-12,14.7,7.3,21.8,0.0,0.0,2.7,1451,2020,9,12
370,2020-09-13,16.6,9.6,24.9,0.0,0.0,2.2,1628,2020,9,13
370,2020-09-14,20.8,10.2,31.5,0.0,0.0,1.4,1680,2020,9,14
370,2020-09-15,23.6,12.8,34.0,0.0,0.0,1.6,1645,2020,9,15
370,2020-09-16,19.9,14.3,27.3,0.0,0.0,4.0,1510,2020,9,16
370,2020-09-17,14.8,7.7,20.7,0.0,0.0,4.9,1650,2020,9,17
370,2020-09-18,16.3,8.8,23.6,0.0,0.0,4.6,1662,2020,9,18
370,2020-09-19,18.2,10.9,26.1,0.0,0.0,3.3,1584,2020,9,19
370,2020-09-20,15.9,8.1,25.3,0.0,0.0,3.1,1682,2020,9,20
370,2020-09-21,15.1,5.2,25.9,0.0,0.0,1.0,1598,2020,9,21
370,2020-09-22,15.2,5.9,25.4,0.0,0.0,1.2,1487,2020,9,22
370,2020-09-23,17.4,9.6,24.5,3.6,2.0,4.5,956,2020,9,23
370,2020-09-24,14.5,10.9,19.3,2.3,2.9,5.5,1319,2020,9,24
370,2020-09-25,10.6,7.9,14.8,17.3,7.7,6.0,700,2020,9,25
370,2020-09-26,12.6,10.2,16.5,14.2,5.8,4.1,826,2020,9,26
370,2020-09-27,13.1,11.4,15.5,3.4,3.1,4.0,520,2020,9,27
370,2020-09-28,11.7,11.3,12.2,2.4,4.4,2.4,162,2020,9,28
370,2020-09-29,15.4,11.5,20.0,0.8,2.0,2.5,1152,2020,9,29
370,2020-09-30,16.4,11.6,20.4,0.0,0.0,3.0,773,2020,9,30
370,2020-10-01,13.2,9.4,16.0,7.4,3.9,3.5,290,2020,10,1
370,2020-10-02,13.2,8.4,16.3,0.3,1.4,4.3,454,2020,10,2
370,2020-10-03,12.4,10.0,15.3,6.6,9.4,3.1,199,2020,10,3
370,2020-10-04,12.0,10.6,15.1,1.0,2.4,5.7,805,2020,10,4
370,2020-10-05,12.1,10.0,15.7,7.7,5.2,5.4,503,2020,10,5
370,2020-10-06,13.0,11.2,18.1,1.0,1.7,6.0,838,2020,10,6
370,2020-10-07,11.9,8.9,15.7,4.8,2.7,5.3,680,2020,10,7
370,2020-10-08,13.5,9.8,17.0,5.5,6.5,6.0,313,2020,10,8
370,2020-10-09,11.9,8.1,16.2,0.3,0.2,2.5,617,2020,10,9
370,2020-10-10,9.0,5.4,13.0,4.5,3.5,4.8,761,2020,10,10
370,2020-10-11,8.9,3.9,14.7,-0.1,0.0,3.0,923,2020,10,11
370,2020-10-12,9.3,6.0,14.4,0.2,0.5,2.1,574,2020,10,12
370,2020-10-13,9.5,5.9,13.1,0.0,0.0,3.3,760,2020,10,13
370,2020-10-14,9.2,5.5,12.8,0.0,0.0,4.3,544,2020,10,14
370,2020-10-15,9.4,7.3,11.5,0.0,0.0,4.0,529,2020,10,15
370,2020-10-16,8.3,4.4,12.0,0.0,0.0,2.6,544,2020,10,16
370,2020-10-17,7.4,2.8,12.5,0.0,0.0,0.5,623,2020,10,17
370,2020-10-18,8.9,3.1,12.4,-0.1,0.0,2.2,332,2020,10,18
370,2020-10-19,9.7,7.2,14.4,-0.1,0.0,2.4,617,2020,10,19
370,2020-10-20,12.0,7.2,15.5,1.1,5.0,4.0,193,2020,10,20
370,2020-10-21,16.1,12.2,20.9,5.6,7.4,6.8,477,2020,10,21
370,2020-10-22,13.9,9.6,18.2,1.3,0.9,3.8,484,2020,10,22
370,2020-10-23,12.8,8.0,17.7,0.0,0.0,2.7,509,2020,10,23
370,2020-10-24,13.9,11.8,15.9,0.4,1.9,6.0,343,2020,10,24
370,2020-10-25,12.1,9.3,15.8,5.9,5.3,4.8,185,2020,10,25
370,2020-10-26,10.3,8.5,12.8,-0.1,0.0,4.8,457,2020,10,26
370,2020-10-27,10.1,7.3,12.0,2.5,2.4,5.9,373,2020,10,27
370,2020-10-28,10.9,8.7,14.4,8.1,3.0,5.9,596,2020,10,28
370,2020-10-29,10.7,7.8,13.2,5.0,8.1,5.7,315,2020,10,29
370,2020-10-30,14.1,12.9,16.1,0.5,2.2,6.3,217,2020,10,30
370,2020-10-31,13.9,9.5,17.0,1.7,1.7,4.4,595,2020,10,31
370,2020-11-01,14.8,9.1,17.9,1.0,2.9,5.7,293,2020,11,1
370,2020-11-02,15.7,9.8,20.2,6.8,6.4,7.5,239,2020,11,2
370,2020-11-03,8.9,5.6,13.0,-0.1,0.0,5.3,684,2020,11,3
370,2020-11-04,5.5,-0.1,12.2,0.0,0.0,2.0,682,2020,11,4
370,2020-11-05,4.3,-1.5,11.7,0.0,0.0,0.7,730,2020,11,5
370,2020-11-06,7.0,1.1,12.8,0.0,0.0,2.5,691,2020,11,6
370,2020-11-07,7.9,3.8,15.2,0.0,0.0,2.1,616,2020,11,7
370,2020-11-08,9.7,4.2,13.3,0.3,0.7,1.8,242,2020,11,8
370,2020-11-09,13.1,7.7,18.2,0.0,0.0,1.6,429,2020,11,9
370,2020-11-10,12.2,6.9,17.2,1.5,1.9,1.6,512,2020,11,10
370,2020-11-11,11.1,8.6,14.6,0.0,0.0,2.3,330,2020,11,11
370,2020-11-12,9.9,5.7,13.1,1.5,2.1,4.5,317,2020,11,12
370,2020-11-13,10.1,4.9,13.6,2.7,2.7,3.5,248,2020,11,13
370,2020-11-14,13.1,9.7,15.7,-0.1,0.0,4.2,452,2020,11,14
370,2020-11-15,13.2,9.4,16.3,8.7,3.7,6.9,233,2020,11,15
370,2020-11-16,10.3,8.4,12.9,-0.1,0.0,6.0,262,2020,11,16
370,2020-11-17,11.8,10.1,13.1,0.4,1.2,6.1,181,2020,11,17
370,2020-11-18,13.1,9.7,16.0,0.0,0.0,5.2,568,2020,11,18
370,2020-11-19,7.6,1.9,14.1,4.8,1.6,4.6,265,2020,11,19
370,2020-11-20,4.2,0.0,8.6,0.1,0.3,2.8,365,2020,11,20
370,2020-11-21,8.0,2.8,10.4,-0.1,0.0,6.0,248,2020,11,21
370,2020-11-22,8.8,6.1,10.3,1.6,3.9,4.0,125,2020,11,22
370,2020-11-23,6.5,1.4,10.6,0.0,0.0,2.3,502,2020,11,23
370,2020-11-24,7.8,4.6,11.6,0.0,0.0,3.2,503,2020,11,24
370,2020-11-25,6.2,3.0,10.5,0.0,0.0,3.0,312,2020,11,25
370,2020-11-26,8.0,6.4,10.0,0.0,0.0,1.6,143,2020,11,26
370,2020-11-27,6.0,4.6,8.0,-0.1,0.0,1.8,228,2020,11,27
370,2020-11-28,4.6,2.6,7.8,0.0,0.0,3.3,269,2020,11,28
370,2020-11-29,1.0,-5.2,4.1,0.0,0.0,2.5,205,2020,11,29
370,2020-11-30,0.9,-5.4,6.7,4.4,6.0,4.0,98,2020,11,30
370,2020-12-01,7.8,6.1,9.7,5.9,4.5,4.6,184,2020,12,1
370,2020-12-02,5.7,4.6,6.6,0.6,1.0,2.0,41,2020,12,2
370,2020-12-03,5.4,4.9,6.1,2.5,7.4,4.6,86,2020,12,3
370,2020-12-04,5.5,0.7,8.1,0.5,1.3,5.0,200,2020,12,4
370,2020-12-05,2.5,-2.4,5.8,0.0,0.0,2.7,285,2020,12,5
370,2020-12-06,1.9,-1.1,3.8,0.0,0.0,1.9,144,2020,12,6
370,2020-12-07,2.3,-0.8,3.5,7.9,13.6,3.3,77,2020,12,7
370,2020-12-08,2.4,-2.0,5.2,0.0,0.0,1.3,247,2020,12,8
370,2020-12-09,0.7,-2.7,3.1,0.0,0.0,3.0,131,2020,12,9
370,2020-12-10,0.1,-1.0,3.1,0.0,0.0,2.3,271,2020,12,10
370,2020-12-11,2.8,-0.6,4.9,3.7,10.2,3.7,143,2020,12,11
370,2020-12-12,7.5,4.9,9.0,0.9,1.3,2.8,92,2020,12,12
370,2020-12-13,7.3,5.3,8.9,-0.1,0.0,4.2,260,2020,12,13
370,2020-12-14,9.5,7.7,11.5,4.3,5.6,4.7,122,2020,12,14
370,2020-12-15,8.0,3.1,10.4,4.9,7.2,2.8,86,2020,12,15
370,2020-12-16,6.9,2.6,10.0,-0.1,0.0,2.7,294,2020,12,16
370,2020-12-17,9.0,6.5,11.2,1.8,2.8,4.7,243,2020,12,17
370,2020-12-18,7.7,5.2,11.7,0.0,0.0,4.1,375,2020,12,18
370,2020-12-19,8.4,4.5,12.3,-0.1,0.0,4.3,235,2020,12,19
370,2020-12-20,8.2,4.3,11.0,0.0,0.0,4.3,219,2020,12,20
370,2020-12-21,8.2,4.4,12.8,6.7,11.5,5.2,81,2020,12,21
370,2020-12-22,11.9,9.7,14.1,2.9,7.6,4.8,154,2020,12,22
370,2020-12-23,11.4,9.0,12.4,9.6,6.2,4.6,64,2020,12,23
370,2020-12-24,5.3,2.3,9.2,1.2,2.5,3.9,103,2020,12,24
370,2020-12-25,2.6,-0.9,6.5,0.0,0.0,2.8,350,2020,12,25
370,2020-12-26,3.7,0.8,5.4,0.2,1.0,6.2,181,2020,12,26
370,2020-12-27,5.0,4.0,6.5,4.7,9.2,8.8,58,2020,12,27
370,2020-12-28,3.7,1.9,5.3,0.6,2.2,2.7,216,2020,12,28
370,2020-12-29,2.6,-0.1,4.8,0.8,0.7,3.5,110,2020,12,29
370,2020-12-30,3.3,-0.4,5.5,0.5,1.3,4.1,138,2020,12,30
370,2020-12-31,2.5,1.4,3.4,0.3,2.7,1.7,155,2020,12,31
